Date,Portfolio_Value,SPY_Price,Beta,Hedge_Ratio,Short_SPY_Shares,Short_SPY_Position_Value,Portfolio_Return,Market_Return,Hedged_Portfolio_Value,Hedged_Portfolio_Return
2020-10-29,98090.88324194682,308.4802551269531,-0.0389749573648842,-12.393298853650595,12.393298853650595,3823.087992238711,0.0102856445376217,0.010163412474591738,99138.66681954663,0.010681763105500645
2020-10-30,97747.8178512515,305.26446533203125,-0.0336139252843818,-10.763414085519386,10.763414085519386,3285.6878459633294,-0.0034974238110298,-0.010424621159621505,98757.1974637991,-0.0038478362478073028
2020-11-02,99485.73393277865,308.6859436035156,-0.0483070696295754,-15.568782368700694,15.568782368700694,4805.8642762401505,0.0177795895574039,0.011208242884617636,100566.53073775423,0.018321026926856318
2020-11-03,101469.7886284397,314.13604736328125,-0.0432456473791907,-13.968873472173943,13.968873472173943,4388.126698666517,0.0199431075917043,0.017655820981488768,102648.92618862852,0.020706645000059882
2020-11-04,102726.58210546676,321.15679931640625,-0.0111296285019573,-3.559970389987798,3.559970389987798,1143.3086961096596,0.0123858883911659,0.022349399287519223,103945.85727825969,0.012634628902477898
2020-11-05,104464.68096228632,327.4202575683594,-0.0380240407277915,-12.13171510225327,12.13171510225327,3972.1692835257213,0.0169196601424457,0.019502804440961974,105781.66955046923,0.01766123557281499
2020-11-06,104781.921910394,327.3454895019531,-0.0351174393292639,-11.240945433799766,11.240945433799766,3679.672785491929,0.0030368249362884,-0.00022835504119855798,106102.06167331123,0.0030288056919835784
2020-11-09,108150.29970888086,331.458740234375,-0.0909970178122866,-29.691040103677242,29.691040103677242,9841.354749013166,0.0321465548357415,0.01256547245749462,109634.19669171887,0.033289975356775935
2020-11-10,108337.4583918918,330.9726257324219,-0.093484595597082,-30.600366007216838,30.600366007216838,10127.883485781704,0.0017305424350624,-0.001466591291602093,109808.89206809447,0.0015934387412607763
2020-11-11,108447.70115769553,333.4313049316406,-0.0921059062300258,-29.957216511930163,29.957216511930163,9988.673793692566,0.001017586783372,0.007428648196441845,109995.7658461985,0.001701809157569323
2020-11-12,107135.0707348117,330.19671630859375,-0.0895868399156652,-29.067195272478386,29.067195272478386,9597.892431273043,-0.0121038104899531,-0.009700914626807555,108568.80345006524,-0.012972884775660444
2020-11-13,109017.74519611784,334.7681579589844,-0.1055862712392545,-34.38432521285232,34.38432521285232,11510.777214169233,0.017572905383768,0.013844600580819488,110635.37861069401,0.019034705135893545
2020-11-16,110721.43696322896,338.9468688964844,-0.1175970006760762,-38.41460149731454,38.41460149731454,13020.508897420965,0.0156276555165054,0.012482402636429857,112526.75110568604,0.017095548627780698
2020-11-17,110287.31997800498,337.1239013671875,-0.1170282860630128,-38.28484417499452,38.28484417499452,12906.736031508995,-0.0039208033884905,-0.005378328276735345,112014.72964030423,-0.004550219928601074
2020-11-18,109091.24627542288,333.0667724609375,-0.1056892818412006,-34.61700904242323,34.61700904242323,11529.775474010992,-0.0108450699755931,-0.012034533564059147,110657.448148632,-0.012116991185272336
2020-11-19,109628.11453797668,334.4689636230469,-0.1078211473919113,-35.34028678732102,35.34028678732102,11820.229095896519,0.0049212771957738,0.004209940102247289,111252.25381693858,0.005375197768049323
2020-11-20,109047.68563476935,332.17852783203125,-0.1052996239429915,-34.56779811788762,34.56779811788762,11482.68028919477,-0.0052945260041504,-0.006847977062520494,110583.00304407922,-0.00601561541360404
2020-11-23,110280.1010281806,334.1698303222656,-0.1117437483129289,-36.876793579280516,36.876793579280516,12323.111853217384,0.0113016189773979,0.005994675523522286,111906.84597107998,0.01197148649031605
2020-11-24,112125.22580732136,339.5545654296875,-0.0733104244907557,-24.20803233687839,24.20803233687839,8219.947900056564,0.0167312576062046,0.01611376796711106,113911.38459841693,0.017912564776019053
2020-11-25,111829.83879311866,339.031005859375,-0.0754995087339265,-24.903615730582253,24.903615730582253,8443.097890674655,-0.0026344385224276,-0.00154190113641961,113598.03131792488,-0.0027508513007435636
2020-11-27,111965.53938632294,339.9752197265625,-0.0851824566205603,-28.053514339792095,28.053514339792095,9537.49970177309,0.0012134560388246,0.002785036916591377,113762.82711011093,0.001450692325158804
2020-11-30,111129.69780836473,338.4701232910156,-0.0810149287964523,-26.599584233835127,26.599584233835127,9003.16455511593,-0.0074651681449437,-0.004427076881536873,112872.76637906671,-0.00782382746327783
2020-12-01,111956.36491651589,342.172119140625,-0.0721448809944925,-23.605309058388002,23.605309058388002,8077.078623478014,0.0074387596156043,0.01093743759010124,113801.46541285173,0.008227839748926843
2020-12-02,112298.76403396628,342.8918762207031,-0.0068986525596011,-2.259342404030352,2.259342404030352,774.7101559429613,0.0030583264980577,0.0021034942352573527,114151.15885450298,0.0030728377739478643
2020-12-03,112804.3908030386,342.7984313964844,-0.0156933930324214,-5.164211613930687,5.164211613930687,1770.2836406549463,0.0045025141053146,-0.000272519796177928,114664.63786024235,0.004498237345044064
2020-12-04,114301.0313600792,345.7525634765625,-0.0297580230410366,-9.837592209372158,9.837592209372158,3401.3727248274836,0.0132675735969692,0.008617694276031651,116215.36461755137,0.013524019141795959
2020-12-07,113701.08429413175,345.0420837402344,-0.0383856039749925,-12.649137594843626,12.649137594843626,4364.4847932417815,-0.0052488333552955,-0.0020548791574651615,115596.20272567018,-0.005327711132850424
2020-12-08,114057.5820524304,346.0516662597656,-0.043306821846575,-14.273797434883239,14.273797434883239,4939.471386195713,0.0031353945348176,0.002925969228412484,115973.29013466123,0.00326210896292102
2020-12-09,113324.39285607456,342.94805908203125,-0.0394172250349931,-13.025100964613973,13.025100964613973,4466.933095161855,-0.0064282372391411,-0.008968623706624879,115186.78763666478,-0.006781755498039306
2020-12-10,113460.6499894347,342.8358459472656,-0.0399049840569187,-13.206452832859432,13.206452832859432,4527.645428916026,0.001202363674105,-0.0003272015449394816,115323.780055145,0.001189306701670791
2020-12-11,112903.48014318787,342.4339294433594,-0.0302201948378806,-9.96386419227853,9.96386419227853,3411.9651678019213,-0.0049106879459856,-0.0011723292901176796,114753.37526540703,-0.004946115965547111
2020-12-14,112283.53742421477,340.90069580078125,-0.0440702618748449,-14.515561157466408,14.515561157466408,4948.364898519092,-0.0054909088558377,-0.004477458308732585,114100.63148817534,-0.005688231616037246
2020-12-15,113788.77752905576,345.50946044921875,-0.0600115314150663,-19.763970539297457,19.763970539297457,6828.638797366919,0.0134057061201598,0.013519375892182994,115722.80296963509,0.014217024571225631
2020-12-16,113856.80717045744,346.0516662597656,-0.0492253045269056,-16.195951506327336,16.195951506327336,5604.636005426936,0.0005978589706207,0.0015692936738749275,115800.92835155649,0.0006751079296093398
2020-12-17,114673.5090481454,347.9867858886719,-0.0600168829245003,-19.77760893853588,19.77760893853588,6882.346567084169,0.0071730614794533,0.005591996275647659,116670.4399642824,0.0075086756652430866
2020-12-18,114542.90994603318,346.59735107421875,-0.0623805378180388,-20.615415275192582,20.615415275192582,7145.2483256767355,-0.0011388776989234,-0.003992780389361239,116508.5072869858,-0.0013879494870010726
2020-12-21,113978.29054004728,345.3581237792969,-0.0692037216982677,-22.83925396588738,22.83925396588738,7887.7218981777305,-0.0049293265401753,-0.003575409018796938,115905.37092224223,-0.0051767581508696
2020-12-22,113568.04521291048,344.77606201171875,-0.0362289872199474,-11.933703385918637,11.933703385918637,4114.455258612942,-0.0035993286545445,-0.0016853860601526716,115481.11223721766,-0.0036603884845784486
2020-12-23,113844.34466465173,345.0859069824219,-0.0359444966902504,-11.858141950174579,11.858141950174579,4092.0776700022993,0.0024328978386767,0.0008986846966556605,115765.79634529211,0.002465200607781218
2020-12-24,114145.9637183283,346.4283752441406,-0.0362591351427308,-11.94715623840953,11.94715623840953,4138.833924460112,0.0026493986553751,0.003890243659782744,116088.83565142253,0.0027904555259733142
2020-12-28,114440.17742563457,349.4044494628906,-0.0337580144577421,-11.05673717097713,11.05673717097713,3863.2731640811426,0.0025775217775749,0.008590734568589165,116421.72362877711,0.0028675279193439577
2020-12-29,113859.41568441788,348.7378234863281,-0.0380003658957248,-12.406739863853424,12.406739863853424,4326.699456681306,-0.0050748063685422,-0.001907892064875627,115822.4652798541,-0.005147306965097023
2020-12-30,114451.70437541787,349.2355651855469,-0.0388701111122136,-12.738537851066571,12.738537851066571,4448.750466054716,0.0052019298310968,0.0014272661744654247,116431.3912152297,0.005257407825884975
2020-12-31,115324.97455849082,351.0098571777344,-0.0578000735108219,-18.99032711135289,18.99032711135289,6665.792007114435,0.0076300321418409,0.005080502013719013,117353.9569452382,0.007923685531705738
2021-01-04,113079.84068211525,346.231201171875,-0.0334224971353488,-10.915858069612657,10.915858069612657,3779.410651263695,-0.0194678896307659,-0.013614022250776014,115015.9252976076,-0.019922904250443036
2021-01-05,114205.08525982848,348.6158447265625,-0.04015633667285,-13.155047089274714,13.155047089274714,4586.057853445212,0.0099508857717309,0.006887431134502853,116192.24604709387,0.010227459775179065
2021-01-06,116021.61798746877,350.7000732421875,-0.0610732056688119,-20.204763779686083,20.204763779686083,7085.812137377006,0.0159058830305803,0.005978582290944834,118082.81173436658,0.016271014216443093
2021-01-07,117645.00047874553,355.91058349609375,-0.0491140710175434,-16.23448466076719,16.23448466076719,5778.024908372035,0.0139920690595099,0.014857454136623316,119821.20080624791,0.014721779117115912
2021-01-08,118128.38318105075,357.9384460449219,-0.0667293167923674,-22.022295706310405,22.022295706310405,7882.626303458502,0.0041088248573096,0.005697674199256708,120359.08138355357,0.004489026763931499
2021-01-11,117729.9070632638,355.5256652832031,-0.0712871081278604,-23.606241220353194,23.606241220353194,8392.624614701843,-0.003373246183995,-0.006740770063621282,119895.24442166167,-0.003853776188385415
2021-01-12,118356.69392915812,355.6007080078125,-0.0717352270982491,-23.876061341867707,23.876061341867707,8490.34431760612,0.0053239391886847,0.0002110754073116894,120535.37481088747,0.00533908073096306
2021-01-13,118156.12411887538,356.5583801269531,-0.0745517862376808,-24.70493080220667,24.70493080220667,8808.750107983278,-0.0016946216020767,0.0026931108335126464,120355.31359823197,-0.0014938453789022828
2021-01-14,118264.24517945608,355.3096923828125,-0.0641005720628239,-21.335769704851163,21.335769704851163,7580.805770581197,0.0009150694590482,-0.003502056924580055,120438.42924550312,0.0006905856067860448
2021-01-15,117444.56690104566,352.7185974121094,-0.0945551078132213,-31.483975517260895,31.483975517260895,11104.983685405454,-0.0069309052551482,-0.007292497295321332,119520.63444340591,-0.007620448123134933
2021-01-19,118176.46580993442,355.48809814453125,-0.0934387123361704,-31.062240483872053,31.062240483872053,11042.25679371974,0.0062318668985805,0.007851870450669818,120353.15967312439,0.006965535562921513
2021-01-20,119042.7589340127,360.4075927734375,-0.0996765615876792,-32.92320453390816,32.92320453390816,11865.772892453364,0.0073305045817798,0.01383870417767441,121401.42354194388,0.008709899031039437
2021-01-21,118593.20865118808,360.73614501953125,-0.1036287210018517,-34.06828703390108,34.06828703390108,12289.662532028357,-0.0037763765461266,0.0009116129978434806,120954.43475958113,-0.0036819072571114162
2021-01-22,118076.74829181327,359.4593505859375,-0.0829380243841482,-27.24383776097117,27.24383776097117,9793.052229027338,-0.0043548898393823,-0.0035394136440767276,120392.18510739546,-0.004648441814500322
2021-01-25,117686.3915887078,360.876953125,-0.0883079649887862,-28.798308282303644,28.798308282303644,10392.645748072191,-0.0033059574281362,0.003943707506152583,120036.10154556876,-0.0029576966437568643
2021-01-26,117104.2554672458,360.313720703125,-0.0574691389924945,-18.677836416906022,18.677836416906022,6729.880734059733,-0.0049465032753867,-0.0015607325904236635,119431.57606303813,-0.0050361972335558735
2021-01-27,114131.91763668052,351.5075378417969,-0.0553520005559794,-17.97238832278989,17.97238832278989,6317.4299684805355,-0.0253819796616753,-0.024440320629876444,116238.5967271479,-0.026734800302768535
2021-01-28,115960.1852312727,354.5304870605469,-0.0469869265468304,-15.368530788406192,15.368530788406192,5448.612705818658,0.016018898415535,0.008599955600697706,118147.58132948342,0.016422983897650983
2021-01-29,113999.87148564644,347.43292236328125,-0.069707965770386,-22.872614043871906,22.872614043871906,7946.699139349844,-0.0169050587640624,-0.02001961737088498,115985.41140788957,-0.018300585566488274
2021-02-01,115560.05380736769,353.21612548828125,-0.0841385276959859,-27.527205261027675,27.527205261027675,9723.052787820827,0.0136858252679493,0.01664552422281096,117735.20851878659,0.015086355168784484
2021-02-02,117280.55147142784,358.2107238769531,-0.0815431907535168,-26.69777799169788,26.69777799169788,9563.430380312286,0.0148883425316513,0.014140346457193642,119623.84509198598,0.016041391500131057
2021-02-03,117531.6728291448,358.4924011230469,-0.051209221209372,-16.788934477161725,16.788934477161725,6018.705433015212,0.0021412020541031,0.0007863450961074214,119884.8009421625,0.00218147017407657
2021-02-04,119015.5381642172,362.56689453125,-0.0541643112756439,-17.779876632419114,17.779876632419114,6446.394655764938,0.0126252379410057,0.011365633958876131,121472.1775699467,0.013240849676599295
2021-02-05,119360.7533654193,363.9939270019531,-0.0001879675033636,-0.061638233897171296,0.061638233897171296,22.435942809696282,0.0029005893392319,0.003935914977974075,121824.60834126525,0.002901329163343761
2021-02-08,120444.1584771211,366.62261962890625,0.0016612927495275,0.5457737643234225,-0.5457737643234225,-200.09300720098244,0.0090767281636117,0.0072218035300875005,122928.91560044317,0.009064730633768654
2021-02-09,120391.05055168083,366.3785095214844,0.0043019528638402,1.4136108184346525,-1.4136108184346525,-517.9166247015337,-0.0004409340071927,-0.0006658348240187184,122875.06417744761,-0.0004380696171646682
2021-02-10,120549.01239566391,366.21893310546875,0.0049928953015165,1.6435212469460843,-1.6435212469460843,-601.8885975927647,0.0013120729760163,-0.00043555069925915735,123036.55243995022,0.0013142476350562033
2021-02-11,120760.8920740484,366.81036376953125,0.0252484870280902,8.312278272889618,-8.312278272889618,-3049.0298170322117,0.0017576226812132,0.0016149647399366085,123247.78740849267,0.0017168472649260874
2021-02-12,121281.09014164328,368.62237548828125,0.0355851521567068,11.707932923781106,-11.707932923781106,-4315.80604642165,0.0043076699638482,0.0049399141838002425,123757.03276793147,0.004131882365976594
2021-02-16,121339.33234360303,368.30316162109375,0.0394810008280733,13.00721465341144,-13.00721465341144,-4790.598280735652,0.0004802249212283,-0.0008659644351883822,123820.69512608282,0.0005144140638110546
2021-02-17,121365.93254083605,368.3876037597656,0.0295997218666652,9.751679509932389,-9.751679509932389,-3592.3978472971985,0.0002192215559392,0.00022927345586776227,123846.99899098079,0.0002124351254141051
2021-02-18,120779.46828179291,366.8197021484375,0.0221164615500265,7.282091039935425,-7.282091039935425,-2671.214466286918,-0.0048321983506019,-0.004256119357237131,123260.20348191314,-0.004738068050485242
2021-02-19,121406.6898392255,366.1719665527344,0.0230897088360485,7.655542682654966,-7.655542682654966,-2803.2451191361647,0.0051931140810222,-0.0017658146274842634,123905.33336320864,0.005233886226629247
2021-02-22,121120.14042941746,363.3554992675781,0.0274315119679867,9.143961185260803,-9.143961185260803,-3322.5085817537947,-0.0023602439880989,-0.007691651853284687,123639.02978232999,-0.0021492503482319343
2021-02-23,121041.98539850986,363.79669189453125,-0.0111805653927325,-3.7199838898110538,3.7199838898110538,1353.3178330142118,-0.0006452686615992,0.0012142175578528924,123560.92786987165,-0.0006316930227926218
2021-02-24,122454.73242298464,367.8055419921875,-0.0190023792041289,-6.326525827310994,6.326525827310994,2326.9312608416926,0.0116715453718274,0.011019479250290898,125028.94804969513,0.011880941695173458
2021-02-25,119717.83485285589,358.9429931640625,-0.0021527275564085,-0.7179966930389654,0.7179966930389654,257.71988208130483,-0.0223502801073863,-0.02409574575772233,122228.03059068603,-0.022402151683271164
2021-02-26,119314.3172603858,357.0934753417969,-0.0133759648024562,-4.469261463196529,4.469261463196529,1595.9441081040127,-0.0033705720869912,-0.0051526784405574455,121807.62799664839,-0.003439494132450471
2021-03-01,121770.92025785992,365.7493896484375,-0.0060113816174872,-2.0014017584177424,2.0014017584177424,732.0114715825988,0.0205893396021613,0.02423991168798456,124333.31585791222,0.020735054961691965
2021-03-02,120972.66890100644,362.8954772949219,-0.0037505911613801,-1.2502746689784252,1.2502746689784252,453.7190227486761,-0.0065553529131841,-0.007802917610495119,123514.62841025002,-0.006584618467007
2021-03-03,119705.91951893072,358.0887145996094,-0.0040833065715522,-1.365013606675338,1.365013606675338,488.79596782534855,-0.0104713683973717,-0.013245584461792803,122214.5808484263,-0.010525454179448588
2021-03-04,117943.1275537223,353.657470703125,-0.0337086290274858,-11.241671567535569,11.241671567535569,3975.701133049864,-0.0147260216728851,-0.01237470971806276,120363.86636413157,-0.015143156172094102
2021-03-05,119999.46377877174,360.16351318359375,-0.0409275577668051,-13.636264657624505,13.636264657624505,4911.284985791317,0.0174349813143014,0.01839645142384172,122553.03270743784,0.018187903142654907
2021-03-08,119642.59462231876,358.3703308105469,-0.0408216982983373,-13.628399120697614,13.628399120697614,4884.01390130257,-0.002973922926113,-0.00497880075967827,122163.6613752164,-0.003177166028612119
2021-03-09,120832.6959985692,363.48687744140625,-0.0476403065389067,-15.836903708366487,15.836903708366487,5756.506677294361,0.0099471378066256,0.01427726067413837,123461.9325830948,0.01062731088167743
2021-03-10,121811.24013097648,365.7493896484375,-0.0503221816551246,-16.75958327476375,16.75958327476375,6129.8073535070025,0.0080983389828432,0.006224467367177411,124500.44099484751,0.008411567760400696
2021-03-11,123231.80602177966,369.4579162597656,-0.0427469100947316,-14.258129819366617,14.258129819366617,5267.778932824419,0.0116620263390779,0.010139529186618201,126006.33108414483,0.012095459881621175
2021-03-12,123840.78376089707,369.9554748535156,-0.0261156244664328,-8.742077417853798,8.742077417853798,3234.1794023282973,0.0049417253449145,0.0013467260325263908,126633.45148125791,0.004976895936239128
2021-03-15,125034.22696106776,372.1617431640625,-0.0232292143400182,-7.8042596028919045,7.8042596028919045,2904.4468579171253,0.0096369157552722,0.005963604975491865,127871.3498990611,0.0097754456134871
2021-03-16,124086.28138948424,371.6923828125,-0.0392414256019862,-13.100409921041878,13.100409921041878,4869.3225793725705,-0.0075814886421353,-0.0012611730253949682,126895.56632995636,-0.007630978869582568
2021-03-17,124588.45718182973,372.95977783203125,-0.0460030249723,-15.367463859808753,15.367463859808753,5731.445906996042,0.0040469888107071,0.0034097955140786063,127429.01622080116,0.004203849718891694
2021-03-18,122762.87731480646,367.5333557128906,-0.0555874366372675,-18.567222697131935,18.567222697131935,6824.073664145448,-0.0146528812405062,-0.01454961752359396,125458.75245686699,-0.015461657182695456
2021-03-19,122505.9113778756,366.8532409667969,-0.0461930159058781,-15.425562270974941,15.425562270974941,5658.9175128423,-0.0020931892649592,-0.001850484413243425,125185.41939712685,-0.002178668720893733
2021-03-22,123042.57092098394,369.7826232910156,-0.0598412720012759,-19.91176299386098,19.91176299386098,7363.02395421888,0.0043806828345858,0.007985161359072901,125793.6358928431,0.00485852504744816
2021-03-23,121763.34615506988,366.8721008300781,-0.0549101214112793,-18.224444174661425,18.224444174661425,6686.040120818516,-0.0103966030320965,-0.007870901112210893,124431.44237634868,-0.010828795167784174
2021-03-24,121701.0646998691,365.0071105957031,-0.0594399108787205,-19.818519227747817,19.818519227747817,7233.900439605616,-0.000511495923588,-0.005083488851169937,124330.19773185301,-0.0008136580478545103
2021-03-25,122462.8254219412,367.0605163574219,-0.0560052117042469,-18.685083679710157,18.685083679710157,6858.556463656047,0.0062592773855406,0.005625659616240064,125147.58717698464,0.006574343643324157
2021-03-26,124819.46243417331,372.9756774902344,-0.0737445307636208,-24.679230424124672,24.679230424124672,9204.752687375503,0.0192436929665178,0.016114947996892948,127704.61297092668,0.02043208224482882
2021-03-29,124708.60455180884,372.7873229980469,-0.0705631888025624,-23.605515170212705,23.605515170212705,8799.83680829338,-0.0008881458083745,-0.0005050047591707019,127586.64193273881,-0.0009237805545420548
2021-03-30,124352.97706312173,371.79827880859375,-0.0604419317039468,-20.2156238348297,20.2156238348297,7516.134146831666,-0.0028516676131947,-0.0026531057480683184,127202.34759261884,-0.003012026449622794
2021-03-31,124659.49885233298,373.3052978515625,-0.094982297823554,-31.717861264415806,31.717861264415806,11840.44564652728,0.0024649332605497,0.00405332442043016,127564.86503918673,0.002849927327826482
2021-04-01,126102.58321148924,377.336669921875,-0.0745985613547365,-24.930180500720258,24.930180500720258,9407.071290693044,0.0115762085716845,0.010799129006509478,129144.34871323212,0.01238180805945431
2021-04-05,127205.44262348568,382.7525939941406,-0.0439917738839513,-14.6203922756066,14.6203922756066,5595.9930687003225,0.0087457321167385,0.01435302875118638,130355.35429564265,0.009377147312110543
2021-04-06,127181.52547551478,382.5265197753906,-0.0750239050348908,-24.9437730358412,24.9437730358412,9541.654689467565,-0.0001880198478747,-0.0005906536553831332,130325.06844620484,-0.0002323329916246753
2021-04-07,127047.91207828897,382.9692077636719,-0.0717931972205261,-23.81699526589951,23.81699526589951,9121.175808292659,-0.0010505723746137,0.001157273980745721,130198.98050958007,-0.000967487975475839
2021-04-08,127250.13862658034,384.78704833984375,-0.0753575318734433,-24.920943724133302,24.920943724133302,9589.256377452606,0.0015917345274181,0.004746701665094832,130452.79486142752,0.00194943424943921
2021-04-09,128002.68635594928,387.5845642089844,-0.0757596398227906,-25.020184780752835,25.020184780752835,9697.437414676351,0.0059139246329413,0.007270296339781934,131296.13560972866,0.006464719665048132
2021-04-12,128050.5589295429,387.725830078125,-0.0699803409759289,-23.111748253249164,23.111748253249164,8961.021776047688,0.0003739966320744,0.00036447754164026236,131348.58879596984,0.0003995028947164539
2021-04-13,128413.92916109948,388.8749694824219,-0.0723594396359155,-23.894466563148974,23.894466563148974,9291.959955543307,0.0028377090626877,0.0029637937819755322,131749.4866924839,0.00305216751994786
2021-04-14,128543.90707197376,387.546875,-0.0592739901465099,-19.660357940386067,19.660357940386067,7619.310281178056,0.0010121792217043,-0.0034152223378879354,131856.1702288719,0.0008097453665001901
2021-04-15,129632.68396324872,391.7100830078125,-0.0622301190286906,-20.594459277375062,20.594459277375062,8067.0573530415995,0.0084700777817911,0.010742463109301381,133061.14872388303,0.009138582539744243
2021-04-16,130093.73807168828,393.0193786621094,-0.0669066070496272,-22.146822994859946,22.146822994859946,8704.130612779572,0.0035566193211757,0.003342512003375653,133564.15385764005,0.0037802554583442173
2021-04-19,129331.90895068564,391.0884704589844,-0.0697303309870996,-23.059633559999167,23.059633559999167,9018.356818324739,-0.0058560014670561,-0.004913010166821996,132736.24479085376,-0.006198587292131583
2021-04-20,128176.1901699016,388.2250671386719,-0.0647347196968358,-21.372782040097107,21.372782040097107,8297.4497424569,-0.0089360683698308,-0.007321625505737894,131487.19251370354,-0.009410031744669946
2021-04-21,129392.2832037267,391.8984680175781,-0.0763438168484308,-25.206275544977434,25.206275544977434,9878.3007705056,0.0094876671885251,0.009462039393747235,132829.68140273352,0.010210035391013976
2021-04-22,128841.56050643236,388.3192138671875,-0.0836519378994624,-27.755119585816153,27.755119585816153,10777.846218353907,-0.0042562252064695,-0.009133115953466997,132162.84610961383,-0.005020228055037511
2021-04-23,130279.55170867384,392.5295715332031,-0.0823822722766462,-27.342463547451533,27.342463547451533,10732.725500943376,0.0111609266186254,0.010842516969700178,133755.95791241678,0.012054157803787397
2021-04-26,130595.67478668645,393.3490905761719,-0.0952189124701708,-31.613593178216135,31.613593178216135,12435.178126496388,0.0024264980487458,0.002087789309141108,134107.10677014056,0.0026252950762290653
2021-04-27,130653.56398631756,393.26422119140625,-0.0479027479395322,-15.91465586184599,15.91465586184599,6258.664743038112,0.0004432704201397,-0.0002157609787308834,134165.16641382914,0.00043293487636036774
2021-04-28,130480.19537164528,393.1512145996094,-0.022914166213179,-7.604821690094099,7.604821690094099,2989.844884273949,-0.0013269336815828,-0.000287355385278909,133986.2547238656,-0.001333518190643333
2021-04-29,131214.9740927261,395.6566467285156,-0.0873764652062061,-28.977399250449665,28.977399250449665,11465.100618346316,0.0056313428945133,0.006372693345123803,134815.3839517332,0.006188166312853332
2021-04-30,130246.85360231236,393.0569763183594,-0.0634474585916888,-21.02451387082649,21.02451387082649,8263.831850630466,-0.0073781250738166,-0.0065705212629475485,133764.4969621047,-0.007795007949573275
2021-05-03,130651.35862946408,393.90478515625,-0.0602706909550578,-19.990738766200316,19.990738766200316,7874.447658814854,0.0031056798376626,0.0021569616848726714,134197.3162580789,0.0032356814087734615
2021-05-04,129922.8290340589,391.4746398925781,-0.058742223826487,-19.495403087626123,19.495403087626123,7631.955903289092,-0.0055761348603449,-0.006169372282969099,133400.38046202617,-0.005938537507859996
2021-05-05,130114.23642898556,391.5971374511719,-0.0627077407915312,-20.83562169116774,20.83562169116774,8159.169811276833,0.0014732391247152,0.0003129131394752349,133599.52871418395,0.0014928612007556773
2021-05-06,130159.24805988975,394.7242126464844,-0.0647998748202546,-21.367584533085378,21.367584533085378,8434.302980979322,0.0003459393233173,0.007985439361651192,133714.87785180166,0.000863394794337031
2021-05-07,131601.33467854443,397.5970764160156,-0.0491364245238237,-16.263748986677122,16.263748986677122,6466.41904866676,0.0110794018876869,0.00727815441132873,135244.17816877086,0.011437024372591888
2021-05-10,130934.64376919447,393.659912109375,-0.0461227060044771,-15.34080533628122,15.34080533628122,6039.060080367496,-0.0050659889656775,-0.009902397527996598,134497.26320719166,-0.005522714335600748
2021-05-11,129811.08875799738,390.1466064453125,-0.0405951823447812,-13.506986172502165,13.506986172502165,5269.70481850548,-0.0085810369116492,-0.00892472298039415,133294.40876685208,-0.00894333766841496
2021-05-12,126915.28886053294,381.85784912109375,0.0091219304385163,3.031789026295105,-3.031789026295105,-1157.712436569984,-0.0223078007061706,-0.021245237526833605,130346.73579453016,-0.02211400312730107
2021-05-13,128115.56745369434,386.4448547363281,0.0067344095963386,2.2326153300428913,-2.2326153300428913,-862.7827069005244,0.0094573207368294,0.0120123381666557,131568.92215169198,0.00937642473140541
2021-05-14,130072.80766531517,392.37890625,0.0064664028707513,2.1435993716690156,-2.1435993716690156,-841.1031768936756,0.0152771458654172,0.015355493651793228,133565.85565586478,0.015177851057185441
2021-05-17,129642.8018195543,391.38043212890625,0.0022201020887758,0.7353976629560831,-0.7353976629560831,-287.82025511433955,-0.0033058857841161,-0.0025446681898276813,133125.05676244755,-0.003300236360952622
2021-05-18,128688.49225059304,388.00836181640625,0.0219044525730235,7.264923266088817,-7.264923266088817,-2818.8509751970178,-0.0073610686869412,-0.008615837777473212,132170.23812995644,-0.007172343476967674
2021-05-19,128284.79669080286,386.9912109375,0.0199655480092403,6.6184352377953815,-6.6184352377953815,-2561.2762671858554,-0.0031369981319237,-0.0026214663883649125,131762.53799966275,-0.003084659118892191
2021-05-20,129682.1624169348,391.1543884277344,0.0645865796147825,21.412842487144758,-21.412842487144758,-8375.727307558514,0.0108926837955701,0.010757808892219778,133106.2357225607,0.010197873715072131
2021-05-21,129753.9825174624,390.8341064453125,0.0368956624357959,12.249082308107948,-12.249082308107948,-4787.359138664456,0.000553816339804,-0.0008188121925699621,133183.97335250847,0.0005840269580593752
2021-05-24,130773.00308867896,394.8184509277344,0.0475141327578103,15.737779770151443,-15.737779770151443,-6213.565829893028,0.0078534820392076,0.010194464650641777,134165.41948939412,0.007369100892402202
2021-05-25,130403.5670967848,393.9424133300781,0.0226342161461352,7.492421288038836,-7.492421288038836,-2951.5825238956713,-0.0028250172678503,-0.002218836519918832,133793.1378680254,-0.0027747956424655188
2021-05-26,130738.69189885644,394.7242126464844,0.0199086152690084,6.59403764551645,-6.59403764551645,-2602.8263177877584,0.0025699051761589,0.0019845522846793084,134131.6874204444,0.002530395488241988
2021-05-27,131341.951979577,394.9313659667969,0.0219008500232429,7.283545040852802,-7.283545040852802,-2876.5003920646864,0.0046142428990129,0.0005248052024060534,134749.06193995976,0.004602749218983587
2021-05-28,131527.41619125236,395.6378479003906,0.0628099678336029,20.88079495945844,-20.88079495945844,-8261.232780209462,0.0014120713822208,0.0017888726864332405,134924.19695941918,0.0012997123463275172
2021-06-01,131741.79811954053,395.289306640625,0.0823631512829394,27.449944803771288,-27.449944803771288,-10850.669648806179,0.0016299410001061,-0.0008809603570925084,135153.90536038918,0.0017024996712715827
2021-06-02,132020.34699519552,395.9110412597656,0.0876003969455601,29.211195436405234,-29.211195436405234,-11565.03480166971,0.0021143545908052,0.0015728596971784636,135421.0467120256,0.001976571456992693
2021-06-03,131625.15325847382,394.4416809082031,0.0872150772145474,29.10366338157365,-29.10366338157365,-11479.69790481443,-0.0029934305257968,-0.0037113396658176034,135059.50694806862,-0.002669745750273105
2021-06-04,132314.9540975981,398.04913330078125,0.0961528211563565,31.9620244168307,-31.9620244168307,-12722.456117657868,0.0052406460471099,0.00914571802927111,135648.5365000165,0.00436125945709493
2021-06-07,132117.31333932656,397.6629333496094,0.0721182908598519,23.960178412331537,-23.960178412331537,-9528.074831027745,-0.0014937144453507,-0.0009702318604976057,135455.40784817858,-0.0014237429818338384
2021-06-08,132084.47332307897,397.74774169921875,0.0554644107275153,18.418677747412033,-18.418677747412033,-7325.987479118789,-0.0002485670910007,0.0002132669215484384,135420.1358268379,-0.0002603958151320554
2021-06-09,131623.3229881064,397.1543273925781,0.0509465055098894,16.884490202759476,-16.884490202759476,-6705.748349843515,-0.0034913288698557,-0.001491936331569077,134957.63273838826,-0.003415319927319012
2021-06-10,132267.27366742413,399.00042724609375,0.0761260462856228,25.235523347119535,-25.235523347119535,-10068.984597279468,0.0048923751862418,0.004648318616180758,135570.14025804398,0.004538517068116101
2021-06-11,132636.7866581877,399.6597900390625,0.0766847262497945,25.44968477950056,-25.44968477950056,-10171.215675535519,0.002793684185951,0.0016525365587192198,135931.70038199803,0.0026669598723278393
2021-06-14,132520.98040672363,400.5546569824219,0.0774710775407442,25.630817092997297,-25.630817092997297,-10266.543148864728,-0.0008731080900087,0.002239071744675414,135789.4381532809,-0.0010465713907597384
2021-06-15,132591.29366518656,399.8199462890625,0.0752983159798777,24.970993116395938,-24.970993116395938,-9983.901126581974,0.0005305820878108,-0.0018342333076197814,135880.24011156522,0.0006686967669887705
2021-06-16,131851.4090003442,397.5876159667969,0.082304447394057,27.29450546268369,-27.29450546268369,-10851.957355901122,-0.005580190406096,-0.005583339057956049,135184.44404008557,-0.005120656770317273
2021-06-17,131309.17355224892,397.4556884765625,0.0835406138374159,27.599677848579894,-27.599677848579894,-10969.648961038652,-0.0041124736717365,-0.0003318199182678061,134632.24894536578,-0.0040847532320809265
2021-06-18,129385.34257315192,392.0939025878906,0.1223967805896221,40.38917535293561,-40.38917535293561,-15836.349386439168,-0.0146511544247248,-0.013490273366632333,132882.0312714328,-0.01299998839537508
2021-06-21,131460.3443492025,397.7071228027344,0.1074987389433922,35.533236465600964,-35.533236465600964,-14131.821238603361,0.0160373790012375,0.014316009960357645,134808.61156639835,0.014498425983798012
2021-06-22,131824.48551633427,399.8333435058594,0.1263434807225429,41.65526616303335,-41.65526616303335,-16655.164344592115,0.0027699696736262,0.005346197191895996,135090.96989001895,0.0020945125117729753
2021-06-23,131612.5593586695,399.3514099121094,0.1440864814587732,47.48597381426096,-47.48597381426096,-18963.59059377462,-0.0016076387996865,-0.001205336177128813,134897.25401189778,-0.0014339661509490407
2021-06-24,132394.3290877822,401.7138366699219,0.1438002431795565,47.3927830722461,-47.3927830722461,-19038.336718417308,0.0059399325787916,0.005915658988990158,135583.78112689135,0.005089259377607486
2021-06-25,133084.54632978435,403.1408386230469,0.1514123377721755,49.984125522901245,-49.984125522901245,-20150.64228114205,0.0052133444593727,0.0035522847929621015,136217.7010230758,0.00467548471443776
2021-06-28,132853.31922836287,403.95343017578125,0.1315992367783421,43.280720270933344,-43.280720270933344,-17483.395413921993,-0.0017374451639823,0.002015651789359252,135944.89736995054,-0.002002703401072877
2021-06-29,132804.13246909637,404.1707763671875,0.1256269275324422,41.27902387120359,-41.27902387120359,-16683.77512570402,-0.0003702335745331,0.0005380476440357551,135885.3770441803,-0.0004378268469193811
2021-06-30,132928.7382597038,404.510986328125,0.1250306450844071,41.08705685779664,-41.08705685779664,-16620.16589486707,0.0009382674190233,0.0008417480452085346,135998.57270464703,0.0008330231179323383
2021-07-01,133608.25233354035,406.7505798339844,0.1274386834911022,41.860689634131305,-41.860689634131305,-17026.859780933366,0.0051118673263037,0.005536545561318107,136597.82284140724,0.004406297248880815
2021-07-02,134132.0465261028,409.859619140625,0.1200383564707504,39.284158924490846,-39.284158924490846,-16100.990415051603,0.0039203730564102,0.007643601412712364,137008.005300277,0.0030028477053107017
2021-07-06,133384.09110649276,409.11309814453125,0.1056557093522978,34.44717567363076,-34.44717567363076,-14092.79076216801,-0.0055762618925262,-0.0018214065529534862,136270.3788760939,-0.005383819891154976
2021-07-07,133774.9472843324,410.5589294433594,0.1043612574690583,34.00467196116839,-34.00467196116839,-13960.921716449915,0.002930305815313,0.0035340625987909657,136619.43362536147,0.0025614865985288068
2021-07-08,132380.31145629453,407.21368408203125,0.1227512206873569,39.904957670723064,-39.904957670723064,-16249.844826232651,-0.0104252392271448,-0.008148027290171611,135331.78741231133,-0.009425058931082338
2021-07-09,134194.22101776046,411.5606384277344,0.1415550937610147,46.15571501425514,-46.15571501425514,-18995.87553835541,0.0137022608687908,0.01067487296136016,136981.64135227882,0.012191178225858542
2021-07-12,134473.31223845383,413.0347900390625,0.1516834247478124,49.38415123719124,-49.38415123719124,-20397.372537510593,0.0020797558834998,0.00358185762603469,137192.1064460812,0.0015364474518237891
2021-07-13,133390.41504473286,411.626708984375,0.1357108631890373,43.97802176522953,-43.97802176522953,-18102.528366864644,-0.008052878119048,-0.003409110052338016,136150.78751035404,-0.007590224851138784
2021-07-14,132902.46365019388,412.240966796875,0.1407802289537776,45.386171603887355,-45.386171603887355,-18710.039261195398,-0.0036580693925821,0.0014922690852972043,135624.13565429274,-0.0038681513760708847
2021-07-15,132726.71873467346,410.83294677734375,0.1355016269692055,43.7761539621101,-43.7761539621101,-17984.686330832385,-0.0013223601029925,-0.00341552667720435,135507.5598360938,-0.0008595506812745862
2021-07-16,131912.90172906552,407.610595703125,0.146508433365713,47.413763961932446,-47.413763961932446,-19326.352573050644,-0.0061315235799266,-0.007843458270558656,134832.40821710517,-0.004982390796537706
2021-07-19,129634.8918801184,401.59100341796875,0.1472046566575581,47.51814554518642,-47.51814554518642,-19082.859750052496,-0.0172690450978471,-0.014767997565844682,132797.09587966924,-0.01509512708664728
2021-07-20,132021.61658611006,407.3460388183594,0.133307389352689,43.205175374404,-43.205175374404,-17599.457045215997,0.0184111289127219,0.014330588462911464,134988.34830009434,0.01650075557684341
2021-07-21,133611.14284421608,410.6439514160156,0.1432112601734387,46.59661995252084,-46.59661995252084,-19134.62013993351,0.0120398939144128,0.008096095907113687,136457.0811697559,0.010880441817070029
2021-07-22,133634.94321857247,411.5039367675781,0.1411019671644241,45.8225345744307,-45.8225345744307,-18856.153370046693,0.0001781316576576,0.002094236012966988,136441.06531628827,-0.00011736916347862241
2021-07-23,134778.04491801973,415.737548828125,0.1402222153956767,45.458670015192595,-45.458670015192595,-18898.876045102752,0.0085539131601053,0.010288144735145277,137411.3368511839,0.007111286713031862
2021-07-26,135217.66900129084,416.7580871582031,0.1555992243758261,50.48435787287136,-50.48435787287136,-21039.76441850804,0.0032618375161808,0.0024547658323257338,137807.06471743382,0.0028798778566466367
2021-07-27,134981.8272992736,414.8586730957031,0.1448451700336049,47.12801489894289,-47.12801489894289,-19551.465726609975,-0.0017441633461006,-0.004557593772089086,137657.67939236303,-0.0010840179012382577
2021-07-28,135211.29819823056,414.6885070800781,0.1489689599827509,48.57208754670996,-48.57208754670996,-20142.286470508006,0.0017000132799223,-0.0004101782767494955,137900.11068703138,0.0017611171112171893
2021-07-29,136226.29176500748,416.4084167480469,0.1323119159813159,43.28529622724644,-43.28529622724644,-18024.361670457896,0.0075067215558336,0.004147473678687286,138859.61432968636,0.006957961366924409
2021-07-30,135880.2689150715,414.38616943359375,0.1325896394664376,43.47711674517909,-43.47711674517909,-18016.31586605192,-0.0025400592312448,-0.004856403552660926,138596.31561155815,-0.0018961504350939614
2021-08-02,135884.44520303403,413.5167236328125,0.1335033627319279,43.87012505369915,-43.87012505369915,-18141.030377567433,3.07350581204649e-05,-0.00209815352179743,138639.39766766303,0.00031084560880825915
2021-08-03,137114.245792385,416.8808898925781,0.1274469894389625,41.917963281877235,-41.917963281877235,-17474.797835433397,0.0090503411741748,0.008135502308614928,139750.3839120864,0.008013495897368097
2021-08-04,136369.37814673065,414.83026123046875,0.1306639216842077,42.95385224172206,-42.95385224172206,-17818.55774628852,-0.0054324599267549,-0.004918979765749842,139081.01776135465,-0.00478972673987676
2021-08-05,137080.98110169647,417.4573669433594,0.1326675517037363,43.56420460625316,-43.56420460625316,-18186.198147908213,0.0052182019500019,0.0063329654521782075,139689.91764602423,0.004378022928437072
2021-08-06,137537.82431530283,418.1471252441406,0.1056454667529497,34.74912720610404,-34.74912720610404,-14530.247645975362,0.0033326520567245,0.0016522844136916959,140131.07177408432,0.0031580956986314167
2021-08-09,137396.35527242525,417.80694580078125,0.1012303750820163,33.2897399598558,-33.2897399598558,-13908.684579129575,-0.001028582817722,-0.0008135400743476406,139998.475851202,-0.0009462278508515369
2021-08-10,137528.5899528641,418.32672119140625,0.1077612095508289,35.42744570304314,-35.42744570304314,-14820.247201140612,0.0009624322288366,0.0012440563658624448,140114.44655805526,0.0008283712101018544
2021-08-11,138316.95694873764,419.3661804199219,0.1122513949632483,37.023184246809116,-37.023184246809116,-15526.271364567361,0.0057323862343367,0.002484802370633199,140878.55560648895,0.005453463702025137
2021-08-12,138351.321431198,420.6230773925781,0.0987243664096121,32.472413627176365,-32.472413627176365,-13658.646550227613,0.0002484473575653,0.002997134798513601,140871.87192257916,-4.7442876462155644e-05
2021-08-13,138501.64087026264,421.38848876953125,0.1004907453594591,33.02922005582601,-33.02922005582601,-13918.133124560814,0.0010865052643489,0.0018197084708186928,140999.1695786763,0.000903641403779408
2021-08-16,138594.3711855227,422.3807067871094,0.0872580971195099,28.63170809366339,-28.63170809366339,-12093.481101123743,0.0006695250300097,0.00235463958798543,141064.60216939045,0.0004640636601598246
2021-08-17,137761.79412985753,419.6119079589844,0.0829530267524364,27.234112228852027,-27.234112228852027,-11427.757793917708,-0.0060072934314965,-0.006555220879254198,140293.893173661,-0.005463518018531597
2021-08-18,136217.70014263774,415.0191345214844,0.0636021819049821,20.875526505879343,-20.875526505879343,-8663.742943150351,-0.0112084340725431,-0.01094528861165911,138819.0831065022,-0.010512289835261828
2021-08-19,136097.3657899158,415.6618347167969,0.0665323383011424,21.784237152295606,-21.784237152295606,-9054.875982629002,-0.0008833973308602,0.0015486037675191966,138682.14785934842,-0.0009864295606152108
2021-08-20,136946.79216113573,418.96929931640625,0.0707036667436888,23.110620206245255,-23.110620206245255,-9682.640354578154,0.0062413138291828,0.007957104365530432,139469.68458184396,0.005678717373877585
2021-08-23,138042.3810213755,422.6547546386719,0.0762783198114453,24.913101701845687,-24.913101701845687,-10529.640887081867,0.008000106048126,0.008796480621083402,140491.87537375654,0.007329125286095819
2021-08-24,138720.14005425572,423.3257141113281,0.0646285418496344,21.178208830767794,-21.178208830767794,-8965.280376883611,0.0049097894999018,0.0015874882875264174,141167.24685587257,0.004807192446675594
2021-08-25,139273.93767705088,424.2139892578125,0.0604477972014525,19.845650905759378,-19.845650905759378,-8418.802740150106,0.0039921933655672,0.0020983255136037826,141712.9082678857,0.003865354210458245
2021-08-26,138338.24561040112,421.70977783203125,0.0716397160240768,23.50078929103115,-23.50078929103115,-9910.512630798126,-0.0067183572336373,-0.005903179737571818,140820.76101486772,-0.006295455113598571
2021-08-27,139753.8646700949,425.48028564453125,0.0700235965299983,23.000050915032308,-23.000050915032308,-9786.068233166709,0.0102330274136953,0.008941001633596901,142173.61850706357,0.009606946322730256
2021-08-30,139708.3703638504,427.3513488769531,0.0652550071182006,21.332963442196178,-21.332963442196178,-9116.670702565265,-0.0003255316506048,0.004397532143205041,142086.53821185394,-0.0006124926419121609
2021-08-31,139757.83360373307,426.7181396484375,0.0653290162210811,21.396422908207303,-21.396422908207303,-9130.241778521431,0.00035404635924,-0.0014817063996163116,142150.59718600815,0.0004508447806554137
2021-09-01,139481.3712991921,426.94500732421875,0.0718790220140945,23.48261341900929,-23.48261341900929,-10025.784558170719,-0.0019781524756949,0.0005316569761204537,141863.9693475385,-0.002016367459185409
2021-09-02,140184.53353741436,428.258544921875,0.0725163946178451,23.737242546257082,-23.737242546257082,-10165.676953317681,0.0050412627268622,0.0030765966930694777,142547.49251205465,0.004818159026987617
2021-09-03,140073.06460967078,428.1545715332031,0.0706126490073038,23.101306874386683,-23.101306874386683,-9890.93014666007,-0.0007951585309077,-0.00024278181931158827,142436.58841561392,-0.0007780150635152962
2021-09-07,138889.78781240538,426.6236877441406,0.0712971629538303,23.211200218734184,-23.211200218734184,-9902.447834283981,-0.0084475684212573,-0.0035755399821622014,141269.65635861785,-0.008192642564501147
2021-09-08,138992.57348654087,426.1039733886719,0.0796685956733831,25.98742051297802,-25.98742051297802,-11073.343138702212,0.000740052063974,-0.0012182032324947745,141387.91383846736,0.0008371046047516345
2021-09-09,138628.32761105007,424.2801208496094,0.0804721621808817,26.293292365529158,-26.293292365529158,-11155.721262380823,-0.0026206139389601,-0.0042802993000933265,141066.09105208423,-0.0022761689995002754
2021-09-10,137565.13114994907,420.9348449707031,0.087850423738779,28.710274779092835,-28.710274779092835,-12085.15506320373,-0.0076694026352538,-0.007884592547507174,140081.9099168487,-0.0069767378389476754
2021-09-13,137948.2802231724,422.01214599609375,0.0852388846609855,27.863078488819465,-27.863078488819465,-11758.5575471243,0.0027852194085846,0.002559305883706564,140441.50956923282,0.0025670670295511546
2021-09-14,137027.3826470909,419.7347106933594,0.0655974801480129,21.41507667564202,-21.41507667564202,-8988.651012926712,-0.0066756727564248,-0.005396610795072809,139553.68487584405,-0.006321668686928459
2021-09-15,138586.90691933638,423.2406311035156,0.0805835141254036,26.386455247012723,-26.386455247012723,-11167.819971330337,0.0113811140672661,0.008352705460944243,141048.0290421406,0.010708023708768765
2021-09-16,138440.31964585691,422.5697326660156,0.0822656645683291,26.951492306051417,-26.951492306051417,-11388.884898718325,-0.0010577281558406,-0.0015851465766667516,140917.23167589068,-0.0009273250192728978
2021-09-17,137349.2304333207,418.4534606933594,0.0898467938251476,29.49046703625718,-29.49046703625718,-12340.387988785254,-0.0078812965422741,-0.009741047818750403,139929.9522161576,-0.007006094627261929
2021-09-20,135111.98080926624,411.47613525390625,0.0972629117552831,31.93717336346643,-31.93717336346643,-13141.384666533166,-0.0162887670866172,-0.016674077513642693,137877.5999208931,-0.01466699775680702
2021-09-21,135030.0524865471,411.08734130859375,0.0924049102105009,30.35228434915996,-30.35228434915996,-12477.439875738608,-0.0006063734853744,-0.0009448760499137787,137806.03285692207,-0.0005190622988220645
2021-09-22,136493.08689610256,415.0974426269531,0.0953875344854511,31.36550047365254,-31.36550047365254,-13019.739033327656,0.0108348799590465,0.00975486451515195,139170.91720392945,0.00990438748370654
2021-09-23,138167.78637580317,420.14093017578125,0.1055479658695802,34.7105643684067,-34.7105643684067,-14583.32880066872,0.0122694820505843,0.012150129176682789,140699.99650931155,0.010987060630932795
2021-09-24,138419.62383293343,420.8329772949219,0.1043703799136431,34.32931710772838,-34.32931710772838,-14446.90872694683,0.0018226930005617,0.0016471785285263607,140932.26073624092,0.001650776351753808
2021-09-27,138264.53280899723,419.6290283203125,0.1011745222887002,33.33622583836741,-33.33622583836741,-13988.848056420611,-0.0011204410158155,-0.0028608712709452533,140815.1469109821,-0.0008309937316481474
2021-09-28,135902.98927310377,411.1726989746094,0.1181335597238511,39.04613302386476,-39.04613302386476,-16054.7038999441,-0.0170798937942804,-0.020151916990948093,138745.26618678833,-0.014699276104880143
2021-09-29,136166.62017761555,411.86474609375,0.1256419468436507,41.53848907073322,-41.53848907073322,-17108.23925423555,0.0019398462529915,0.0016831057141353245,138985.07039340914,0.0017283775743238648
2021-09-30,134364.2283450963,406.8308410644531,0.1285722994053862,42.463638575086506,-42.463638575086506,-17275.517796159398,-0.013236664243911,-0.012222228479227604,137363.77838341508,-0.01166522422447871
2021-10-01,135942.77519497412,411.6655578613281,0.0996505015620571,32.90721186949638,-32.90721186949638,-13546.765731917145,0.0117482671490774,0.011883850261266371,138814.89421605263,0.010564035510053821
2021-10-04,134319.58702914443,406.3567810058594,0.0888667416752522,29.37454129078116,-29.37454129078116,-11936.544042445534,-0.011940231200236,-0.01289584895819007,137316.4958304616,-0.010794219122185453
2021-10-05,135781.75407035073,410.5849914550781,0.0734290390073661,24.283215226125044,-24.283215226125044,-9970.323716120374,0.0108857321076268,0.01040516769217592,138706.37092147672,0.01012169064327983
2021-10-06,136143.57626623462,412.29132080078125,0.0870624034440399,28.749057681310457,-28.749057681310457,-11852.986963205334,0.0026647335524654,0.004155849291168856,139025.79994872265,0.0023029153248250297
2021-10-07,137186.1029747455,415.8558654785156,0.0839876232026122,27.706558165338517,-27.706558165338517,-11521.934725277682,0.0076575534233959,0.008645694192181974,139989.44645335668,0.006931422117257908
2021-10-08,136924.48732620289,415.0974426269531,0.0844573892857807,27.85920495120432,-27.85920495120432,-11564.284728865063,-0.0019070127576316,-0.0018237637473017543,139744.0474129381,-0.0017529824328604417
2021-10-11,136269.91662960814,412.0922546386719,0.0831920466354003,27.509794546351117,-27.509794546351117,-11336.573259252471,-0.0047805232604984,-0.007239716942756491,139160.16374861597,-0.004178236390969504
2021-10-12,136228.38263797286,411.0779113769531,0.0845216651855259,28.009896487807232,-28.009896487807232,-11514.249746092451,-0.0003047920822333,-0.0024614470432310354,139146.7004927043,-9.674647937342373e-05
2021-10-13,136880.62599054672,412.55682373046875,0.0922734843920746,30.61506095501605,-30.61506095501605,-12630.452305916113,0.0047878668155899,0.0035976449052244064,139766.7242176253,0.004455899584579449
2021-10-14,139391.2313284672,419.49627685546875,0.0965302602330162,32.075306925723645,-32.075306925723645,-13455.4718343375,0.0183415682077162,0.016820599553417415,142103.32633288213,0.01671787135554946
2021-10-15,140106.15930131788,422.6910400390625,0.1004029261166512,33.27978837573181,-33.27978837573181,-14067.068360817982,0.0051289307515044,0.007615712843845879,142723.50658650376,0.00436429089751811
2021-10-18,140163.57096803442,423.94244384765625,0.1015047358489166,33.55942876968407,-33.55942876968407,-14227.266246751207,0.0004097726110174,0.0029605638399103906,142739.10075100636,0.00010926136048344158
2021-10-19,141431.39405397355,427.2131042480469,0.0953227739713628,31.557161224235315,-31.557161224235315,-13481.632807861664,0.0090453109690556,0.007714868958876631,143925.24958322936,0.00830990825906992
2021-10-20,142350.7838296069,428.89111328125,0.0954557873703497,31.68218163646342,-31.68218163646342,-13588.20615324157,0.006500606048488,0.003927803282524955,144806.88881357465,0.0061256744935187365
2021-10-21,142674.98907568477,430.0096740722656,0.084993471205756,28.200394797973416,-28.200394797973416,-12126.442575785764,0.0022775093846051,0.0026080297688102494,145104.58916994775,0.0020558438815459715
2021-10-22,143226.06785942888,429.5641174316406,0.0864551411200926,28.826034127101902,-28.826034127101902,-12382.629908862882,0.0038624764390331,-0.0010361549227614342,145678.05082941643,0.003952057359102718
2021-10-25,143401.39177881333,431.86785888671875,0.0820353939571965,27.23978973316231,-27.23978973316231,-11763.98966858523,0.0012241062119817,0.005362974609825821,145792.28463383083,0.0007841524770821965
2021-10-26,143531.18273601384,432.25653076171875,0.0818220112015957,27.16907485679675,-27.16907485679675,-11744.010041604404,0.0009050885461467,0.0008999787018231231,145913.50369868404,0.0008314504787249309
2021-10-27,141598.66731371675,430.341552734375,0.0822231332949333,27.05452453508947,-27.05452453508947,-11642.686096920648,-0.0134640806649758,-0.004430188767695853,144002.0635515158,-0.013099816663407827
2021-10-28,142765.31729883913,434.49383544921875,0.0824442984977464,27.089421009487733,-27.089421009487733,-11770.186434510972,0.0082391311108716,0.00964880729843598,145073.96335435536,0.00744364196181211
2021-10-29,142719.8738903159,435.37548828125,0.0778246314643693,25.51159145868121,-25.51159145868121,-11107.121588155098,-0.000318308461628,0.0020291492308970316,145004.8753244215,-0.0004762262527087699
2021-11-01,143160.24456245976,436.12445068359375,0.0742075685197975,24.359041647465563,-24.359041647465563,-10623.5736576797,0.0030855595660229,0.001720267728668956,145433.7856338546,0.002957902680675302
2021-11-02,144062.61771293695,437.88775634765625,0.0817185752997548,26.884953284941144,-26.884953284941144,-11772.591873454428,0.0063032383971899,0.00404312498714221,146302.4383636376,0.005972839983481799
2021-11-03,144605.27150439317,440.5611267089844,0.0812916920632364,26.682352321158838,-26.682352321158838,-11755.207201855823,0.0037667911361817,0.006105149830235579,146780.9194899647,0.003270493176182269
2021-11-04,144574.04125512156,442.6372375488281,0.0764656716179121,24.975194640891704,-24.975194640891704,-11054.9511630886,-0.0002159689542901,0.00471242402922023,146696.32852720557,-0.0005763076226328124
2021-11-05,145820.28060997132,444.1729736328125,0.0668631208455903,21.950905667264887,-21.950905667264887,-9749.999044162401,0.0086200769102845,0.0034695139805425157,147926.83117575795,0.008388094377728021
2021-11-08,146267.44561821863,444.5522766113281,0.0674267160526028,22.184867882392567,-22.184867882392567,-9862.333523439149,0.0030665488118445,0.0008539533043026015,148371.93850563542,0.003008969544873107
2021-11-09,146373.18261915073,443.08282470703125,0.0685197145765917,22.63560701402287,-22.63560701402287,-10029.448694731542,0.0007229018082948,-0.0033054648049448687,148512.80153518607,0.0009493913132725917
2021-11-10,145113.39063832452,439.518310546875,0.0843505698282865,27.849572808075216,-27.849572808075216,-12240.397190057409,-0.0086067130486878,-0.00804480327693391,147335.37284070367,-0.00792812930812196
2021-11-11,145252.03858891895,439.6604919433594,0.1053322150001863,34.7989397233227,-34.7989397233227,-15299.718957863368,0.0009554456000548,0.00032349368177064797,147471.12342383212,0.0009213712940153322
2021-11-12,146290.6195558659,442.97857666015625,0.0981115084654926,32.40064895957408,-32.40064895957408,-14352.793358977497,0.007150198902793,0.007546924905921237,148416.37774255592,0.006409758715997272
2021-11-15,146252.70717023095,443.1302795410156,0.0877364074230522,28.95691785337374,-28.95691785337374,-12831.68710301173,-0.0002591580085591,0.000342460987624138,148373.45508713636,-0.0002892043052957922
2021-11-16,146403.40431839798,444.8840637207031,0.0801653828327317,26.3809965613147,-26.3809965613147,-11736.48495519958,0.0010303887776357,0.003957716862643679,148479.2627040161,0.0007131168901983115
2021-11-17,145760.91824234457,443.8033142089844,0.0888026357998191,29.16596907256736,-29.16596907256736,-12943.953736522133,-0.0043884640459324,-0.002429283491703682,147859.69775089243,-0.004172737268764125
2021-11-18,145406.79941839215,445.31072998046875,0.0853649911925011,27.87413218681085,-27.87413218681085,-12412.65015168082,-0.0024294497333203,0.003396585206154157,147457.60820718616,-0.0027193991995282294
2021-11-19,144290.73553106797,444.5143127441406,0.0741141504893396,24.05768494010778,-24.05768494010778,-10693.985287367072,-0.0076754587253712,-0.0017884528323920401,146345.34887783066,-0.007542909063008211
2021-11-22,143593.73132227705,443.26300048828125,0.0799132128523496,25.88764774587496,-25.88764774587496,-11475.036415420225,-0.0048305541324296,-0.002815010045761124,145671.34108507817,-0.004605597635461189
2021-11-23,144108.85819064704,443.8507080078125,0.0831033032585057,26.9818700936792,-26.9818700936792,-11975.922144454335,0.0035873910624543,0.0013258664018513944,146177.87051891588,0.00347720718478098
2021-11-24,144256.81106025615,445.0357666015625,0.0863383141185115,27.98626717615247,-27.98626717615247,-12454.88986705516,0.0010266743589999,0.002669948638966968,146294.25083373723,0.0007961554947284776
2021-11-26,140694.43607422034,435.1100158691406,0.0897833613342996,29.03178260915125,-29.03178260915125,-12632.019391777241,-0.0246946744479731,-0.022303265214430157,142974.51063140976,-0.022692212328291203
2021-11-29,141977.19568869073,440.4473876953125,0.0769830949762133,24.815322432380547,-24.815322432380547,-10929.8439401589,0.0091173442977781,0.012266717913882896,144143.04336385566,0.008173014387567236
2021-11-30,138482.07966877287,431.8773193359375,0.1088848899933771,34.91409559078851,-34.91409559078851,-15078.606010788419,-0.0246174465058565,-0.019457643747687547,140899.9974119888,-0.02249880310685922
2021-12-01,136561.47330074603,427.0804138183594,0.0928931725987408,29.703138095814975,-29.703138095814975,-12685.628509664535,-0.0138689884829908,-0.01110710218576405,139091.23391898058,-0.01283721452257677
2021-12-02,139661.5334355169,433.6216125488281,0.1318606277653927,42.46987913087685,-42.46987913087685,-18415.85747348464,0.0227008398477342,0.015316082215024673,141967.8147274581,0.02068125163195468
2021-12-03,138513.8863564842,429.84857177734375,0.1391495989473972,44.839399269038175,-44.839399269038175,-19274.15173515013,-0.008217345541051,-0.00870122858799971,140973.1068596013,-0.007006573072681213
2021-12-06,140363.3595281149,434.93939208984375,0.1392570457817541,44.94094381740858,-44.94094381740858,-19546.58678388751,0.0133522581762727,0.011843287722116624,142622.91469438255,0.011702996915747419
2021-12-07,142958.68210259877,443.9360656738281,0.127856192867919,41.172939628840254,-41.172939628840254,-18278.152831053387,0.0184900289021937,0.020684890234375475,144882.82292534775,0.015845337586935654
2021-12-08,143288.09694122823,445.111572265625,0.1203863313331869,38.75416724545285,-38.75416724545285,-17249.928314468503,0.0023042660563491,0.0026479186592165416,145170.48673338277,0.0019854928432973293
2021-12-09,142040.1579185457,442.10638427734375,0.1179493879212043,37.89483771899971,-37.89483771899971,-16753.549686723665,-0.0087092999999459,-0.00675153866026168,144021.75845727677,-0.007912960147441687
2021-12-10,142773.1006992827,446.2681884765625,0.1141581785858615,36.5222472668851,-36.5222472668851,-16298.7171268859,0.0051601095878623,0.009413580864753968,144610.15536815368,0.004085472342371268
2021-12-13,141600.43499359032,442.3149719238281,0.1067902469011243,34.18727914296381,-34.18727914296381,-15121.545414272112,-0.0082134918969247,-0.008858387523048794,143559.20070159473,-0.00726750250619248
2021-12-14,140768.78490332613,439.2718200683594,0.1035785291682194,33.19271354765014,-33.19271354765014,-14580.623693083968,-0.0058732170582796,-0.006880056178593108,142818.35038841498,-0.005160590958706206
2021-12-15,142644.40990449442,446.13543701171875,0.1078479610605316,34.48259763431061,-34.48259763431061,-15383.908764882422,0.0133241542324627,0.015624988059309786,144480.6176143312,0.011639031128670986
2021-12-16,142279.1598512999,442.201171875,0.1079281444984472,34.72610816121836,-34.72610816121836,-15355.925723548762,-0.0025605633858283,-0.008818544348485391,144248.17802644824,-0.0016087942571190038
2021-12-17,141310.5767600196,437.49493408203125,0.0984349650071044,31.794429134802584,-31.794429134802584,-13909.90167850627,-0.00680762447777,-0.01064275287424854,143417.3077318321,-0.005760005471014085
2021-12-20,139741.61314822282,432.8429260253906,0.1101950717888551,35.5760396367331,-35.5760396367331,-15398.83709275883,-0.0111029453546232,-0.01063328439768485,141993.00035734812,-0.009931209817069006
2021-12-21,142467.8613782103,440.5296630859375,0.1012398816702343,32.74110834377041,-32.74110834377041,-14423.429427741354,0.0195092082348856,0.01775872169410464,144507.88344843403,0.017711317351959823
2021-12-22,143700.64703103347,444.9344482421875,0.0989238413971626,31.949470470827286,-31.949470470827286,-14215.4200155676,0.0086530789533681,0.009998838955348033,145615.38542132106,0.00766395539439348
2021-12-23,144753.68321918123,447.70281982421875,0.1037164580380405,33.53416294618983,-33.53416294618983,-15013.339311454018,0.0073279850154073,0.006221976277557939,146588.48406783745,0.006682663673902279
2021-12-27,146534.17410558826,454.038818359375,0.1044322362929051,33.70392767401694,-33.70392767401694,-15302.891495180489,0.0123001421919682,0.014152241742957816,148174.89277834835,0.010822191938193315
2021-12-28,146220.8545947611,453.6677551269531,0.1132807051435099,36.5113044248559,-36.5113044248559,-16564.001515181168,-0.0021382009537338,-0.0008172500178788011,147871.78291405804,-0.0020456222954299435
2021-12-29,146347.95105246763,454.2480773925781,0.1026804115611034,33.081191958914204,-33.081191958914204,-15027.067845191592,0.0008692088283765,0.0012791790006381198,147980.89191343196,0.0007378622021306569
2021-12-30,146010.03112241032,452.99237060546875,0.1139434676081527,36.72664338568195,-36.72664338568195,-16636.889251661727,-0.0023090171582666,-0.0027643634604184175,147685.8126876656,-0.001994035999857253
2021-12-31,145838.91070631554,451.8507080078125,0.1191484026280546,38.45622667780028,-38.45622667780028,-17376.473251672985,-0.001171977122252,-0.0025202689310867,147557.07627842287,-0.0008716911049199052
2022-01-03,145832.1412352358,454.46685791015625,0.1170784370036256,37.56885428175427,-37.56885428175427,-17073.799160713384,-4.641745503295745e-05,0.005789854604584477,147450.20296301853,-0.0007242845826159527
2022-01-04,146379.5191328925,454.314697265625,0.1126393109026435,36.29221828971386,-36.29221828971386,-16488.08816538933,0.0037534791234655,-0.00033481131106227746,148009.2149986152,0.0037911920388259655
2022-01-05,143697.43428959188,445.59088134765625,0.144300434860032,46.53506865657957,-46.53506865657957,-20735.602256258982,-0.0183228149620143,-0.019202143295109386,145707.38496205996,-0.015551937334285369
2022-01-06,143937.36556930104,445.1722717285156,0.1379797558244322,44.612937095453034,-44.612937095453034,-19860.44255526419,0.0016696977290884,-0.0009394483519827856,145969.55955037646,0.0017993225833046501
2022-01-07,143725.6796875766,443.4122619628906,0.1381096116444754,44.76623564066146,-44.76623564066146,-19849.897804989472,-0.0014706805344615,-0.0039535475980820856,145834.58768615333,-0.0009246576110724347
2022-01-10,143315.95057198728,442.8604736328125,0.1249432123257854,40.43340128122206,-40.43340128122206,-17906.35524198757,-0.0028507718069586,-0.0012444137824143553,145441.5210707109,-0.0026952907515212696
2022-01-11,145096.95992477692,446.8941955566406,0.1116809371173388,36.2604048528579,-36.2604048528579,-16204.564457276041,0.0124271537514243,0.009108335839365544,147100.99810262324,0.011409926269304514
2022-01-12,145330.69355484087,448.1023864746094,0.1116512504680383,36.21126366776153,-36.21126366776153,-16226.353666785257,0.001610878892191,0.0027035278819493858,147293.55722548242,0.001309026623496144
2022-01-13,143784.45674493615,441.9281921386719,0.1286604613368362,41.86058926981732,-41.86058926981732,-18499.374537869855,-0.0106394373554768,-0.013778534822169175,145987.5516939396,-0.008866684708710852
2022-01-14,143473.352601754,442.1089172363281,0.1294774048609886,42.01805626926686,-42.01805626926686,-18576.55736158068,-0.0021636841020583,0.000408946749429262,145663.9508012499,-0.002216633465900738
2022-01-18,140934.2538322589,434.2793884277344,0.1538439734316915,49.92612170861351,-49.92612170861351,-21681.885602185306,-0.0176973544107734,-0.017709502123451792,143482.94569837485,-0.014972854236604598
2022-01-19,139559.94593748503,429.77001953125,0.1639698534310379,53.246208065355866,-53.246208065355866,-22883.623880212992,-0.009751411437631,-0.010383566470446803,142328.07735773936,-0.0080488195653804
2022-01-20,138519.02038365297,425.0132751464844,0.1713680910026349,55.85176153031989,-55.85176153031989,-23737.740090701678,-0.0074586268061348,-0.01106811589592449,141536.46212487546,-0.005561904914054302
2022-01-21,136110.02437211596,416.6699523925781,0.1823285847857914,59.55972581278343,-59.55972581278343,-24816.748118927477,-0.0173910846673969,-0.01963073447771868,139581.58306642232,-0.01381184063176881
2022-01-24,136561.48526975902,418.439453125,0.1818093861955665,59.33513111497374,-59.33513111497374,-24828.159814849783,0.0033168820571863,0.004246768268892698,139936.78744897974,0.0025447797249041103
2022-01-25,135210.0945674096,413.3307189941406,0.1802262572334691,58.956201811879104,-58.956201811879104,-24368.409284067646,-0.0098958406880235,-0.012209016364748138,138859.9101473702,-0.007695455364102769
2022-01-26,134533.09473882485,412.2937927246094,0.1731663832343673,56.50487553376701,-56.50487553376701,-23296.609441248787,-0.0050070213377983,-0.0025087084551921324,138224.95968770637,-0.004572597368023202
2022-01-27,134011.355727333,410.2579345703125,0.1926696143410982,62.93581196023838,-62.93581196023838,-25819.91622531297,-0.0038781462100811,-0.004937882137014626,137820.4075251542,-0.002926766363080694
2022-01-28,136797.5872553074,420.44683837890625,0.2063380841135833,67.13465173017457,-67.13465173017457,-28226.552065620865,0.0207910106785533,0.024835360757288427,139979.57506345757,0.015666529921624733
2022-01-31,139440.04216864842,428.01953125,0.2379933657528004,77.53338932808117,-77.53338932808117,-33185.804956429056,0.0193165315731001,0.01801105913958434,142083.4707345512,0.015030018987697687
2022-02-01,140419.4126879563,430.9115905761719,0.1979644109404629,64.50985985363788,-64.50985985363788,-27798.046317377033,0.0070235959777132,0.006756839618336619,142891.35482046704,0.005685982202850009
2022-02-02,141409.89398467168,435.0975036621094,0.2141464254714304,69.59916586105783,-69.59916586105783,-30282.423323111365,0.0070537347917586,0.009714087941659955,143602.02462820348,0.004973497582336997
2022-02-03,139240.3268122227,424.8705749511719,0.1967329219682153,64.474119801603,-64.474119801603,-27393.1563495778,-0.0153424001059229,-0.023504912404369027,142062.8679706638,-0.010718210008004433
2022-02-04,140030.3017231897,426.8684387207031,0.1987979387764813,65.21385238095078,-65.21385238095078,-27837.735348818867,0.0056734634933194,0.004702287913821435,142736.05536598738,0.004738658348518139
2022-02-07,140246.7240280104,425.4984436035156,0.1923886813375465,63.41241126325187,-63.41241126325187,-26981.882297659715,0.0015455390880219,-0.003209408316279583,143044.7924434389,0.0021629929218646843
2022-02-08,141399.28427615826,428.9994201660156,0.1884334395866565,62.108134041153285,-62.108134041153285,-26644.353491247937,0.008218090341402,0.008227942111492803,143998.56804464268,0.006667670908613513
2022-02-09,143795.03306800863,435.2783203125,0.2055377114903314,67.89977961515828,-67.89977961515828,-29555.302020475025,0.0169431465237925,0.01463615065972479,146005.16873868898,0.013934865612164964
2022-02-10,141492.85038460503,427.45819091796875,0.2197536254736109,72.74060366895428,-72.74060366895428,-31093.566850612155,-0.016010168322815,-0.017965814123057977,144244.03752470127,-0.012062115534688007
2022-02-11,138643.63544200707,419.029296875,0.1793011875273127,59.32513230756591,-59.32513230756591,-24858.968477855688,-0.0201368121064297,-0.019718639675304073,141849.40813015902,-0.016601236596224495
2022-02-14,137761.77398374557,417.6593933105469,0.1764315120159512,58.19459222333307,-58.19459222333307,-24305.51808195196,-0.0063606342653239,-0.00326923099332066,141028.97400575146,-0.005783838898042926
2022-02-15,139910.38031555794,424.3948974609375,0.2011993833920846,66.32945499122854,-66.32945499122854,-28149.88224964231,0.0155965350160625,0.01612678718178029,142770.94067633877,0.012351835378992933
2022-02-16,140122.63325615815,424.8705749511719,0.2031208215534706,66.9893988033826,-66.9893988033826,-28461.82438522651,0.0015170635668452,0.0011208369683053387,142955.02927611498,0.0012893982410155183
2022-02-17,137134.37152543492,415.794677734375,0.2098528382756629,69.21213433171032,-69.21213433171032,-28778.037089761765,-0.0213260460589573,-0.02136155749981017,140547.20017979457,-0.016843262587633363
2022-02-18,136359.52223536797,413.1023864746094,0.214072985659411,70.66260327646457,-70.66260327646457,-29190.890048016063,-0.0056502923479197,-0.00647504983574021,139947.88455754938,-0.004264159097289315
2022-02-22,135047.70556025705,408.6691589355469,0.2171749164539892,71.76703583099935,-71.76703583099935,-29328.974172351758,-0.0096202791972724,-0.010731546667874237,138927.71255874474,-0.007289656446254727
2022-02-23,132388.27508522355,401.419921875,0.2022730066189961,66.70962994938155,-66.70962994938155,-26778.574442590903,-0.0196925261632592,-0.017738644823183658,136690.35438751773,-0.01610447714152735
2022-02-24,133981.33225873025,407.4609680175781,0.2330045296430829,76.61655901861077,-76.61655901861077,-31218.257303899052,0.0120332195013583,0.01504919365825419,137855.87055759114,0.008526689211509116
2022-02-25,137361.8148723968,416.4512023925781,0.2301887908679247,75.9252221994887,-75.9252221994887,-31619.150076900736,0.0252309971596528,0.022064038228594596,140633.95624342447,0.02015210287814894
2022-02-28,136925.13583324163,415.38568115234375,0.2577140082520172,84.95123252237195,-84.95123252237195,-35287.52558603661,-0.0031790424402939,-0.002558574051684248,140279.60619868294,-0.0025196620660247484
2022-03-01,134408.9115321399,409.0592041015625,0.1628982617140608,53.525205710879,-53.525205710879,-21894.97804746457,-0.0183766427237013,-0.015230368637721536,138049.7717779772,-0.01589564214735211
2022-03-02,137185.0277970763,416.5843811035156,0.1446828575731955,47.645381676004824,-47.645381676004824,-19848.321837939253,0.0206542574691752,0.01839630284931748,140533.64994002675,0.01799262780415403
2022-03-03,136356.3516020626,414.5104064941406,0.1365856414997449,44.930885845916045,-44.930885845916045,-18624.31975613249,-0.006040573146506,-0.004978522247716333,139780.3082788149,-0.005360578491580913
2022-03-04,135265.24770946035,411.1427001953125,0.156822889665732,51.59446344802319,-51.59446344802319,-21212.687017148608,-0.0080018560175801,-0.008124539809052367,138839.9023990273,-0.006727742207520234
2022-03-07,130763.7675672165,399.0225524902344,0.2229426865321942,73.06059635118027,-73.06059635118027,-29152.825642506654,-0.0332789110172089,-0.02947917523361221,135131.94060010207,-0.02670674449387407
2022-03-08,129830.5416789769,395.9972229003906,0.2208076281439031,72.39337124337385,-72.39337124337385,-28667.573968773042,-0.0071367314172857,-0.007581851128371508,134393.76874615432,-0.005462600852689813
2022-03-09,133386.19279044835,406.6142883300781,0.2372439371367621,77.8257588223279,-77.8257588223279,-31645.065537289156,0.0273868618700157,0.02681095930907107,137219.54883633213,0.02102612432511816
2022-03-10,133130.83907685068,404.77813720703125,0.2215265920054202,72.85971835092595,-72.85971835092595,-29492.021071516756,-0.0019143938983162,-0.004515707331849472,137094.12404285863,-0.0009140446425976974
2022-03-11,131708.09471234248,399.63134765625,0.2120590492104886,69.8891453381398,-69.8891453381398,-27929.89333802433,-0.0106868128705093,-0.012715087791781654,135998.67845647747,-0.007990463442756193
2022-03-14,131146.71040338534,396.71075439453125,0.2050306542441419,67.7801031056288,-67.7801031056288,-26889.095835973112,-0.0042623371796794,-0.007308218634117125,135622.78785600874,-0.002763928331767137
2022-03-15,133537.1886245095,405.4346008300781,0.2257827845717895,74.36562698349071,-74.36562698349071,-30150.398291530044,0.0182275118740794,0.021990446033814726,137421.4779915683,0.013262447734589048
2022-03-16,136665.5650194845,414.42474365234375,0.1496233428708837,49.34154875343851,-49.34154875343851,-20448.358693553375,0.0234270050702625,0.022174088752808574,140184.91999392654,0.02010924378595162
2022-03-17,138616.99815871692,419.6096496582031,0.1480442394741207,48.90604419442872,-48.90604419442872,-20521.448070592836,0.0142788941673361,0.01251109178512011,141926.95581291086,0.012426699099017075
2022-03-18,139975.93956918042,424.2055358886719,0.1670542836033768,55.123232320513054,-55.123232320513054,-23383.580306439,0.0098035697534548,0.01095276582464777,143058.66195787804,0.007973863305142718
2022-03-21,139718.40070771376,424.08154296875,0.1572842707849698,51.8190596476261,-51.8190596476261,-21975.506770554966,-0.0018398794982859,-0.0002922944408589867,142802.02814004623,-0.0017939061803008938
2022-03-22,141265.30145288823,429.0438232421875,0.1650528244828471,54.34465139254191,-54.34465139254191,-23316.23700622005,0.0110715606343828,0.011701240847926231,144107.27263306646,0.00914023778247851
2022-03-23,139363.16012613804,423.5184020996094,0.1535171123516194,50.516411576678436,-50.516411576678436,-21394.62991076106,-0.0134650286176932,-0.01287845400225962,142451.77324988288,-0.011487965547713148
2022-03-24,141356.2033016891,429.9027404785156,0.1529303207063434,50.28497720367226,-50.28497720367226,-21617.649504758392,0.014301076222347,0.01507452414642585,144160.58546352404,0.011995724410138577
2022-03-25,142174.98864044208,432.00213623046875,0.1655747375701942,54.49182876407786,-54.49182876407786,-23540.586433186538,0.0057923551965067,0.0048834202583039055,144879.05070712106,0.004983784168793061
2022-03-28,142906.79933912936,435.07501220703125,0.1669852491579213,54.84876590120089,-54.84876590120089,-23863.327494005578,0.005147253435258,0.0071131036604947795,145452.69496901106,0.003959470048224157
2022-03-29,144642.31405472173,440.45721435546875,0.1707915336453184,56.086452536742286,-56.086452536742286,-24703.68264741372,0.0121443816782563,0.012370745267890504,146911.8128598021,0.010031563121617714
2022-03-30,143916.45656645152,437.7375183105469,0.1698144984562007,55.83049171966926,-55.83049171966926,-24439.100891425558,-0.0050182928350799,-0.006174711087208906,146328.61154639002,-0.0039697373686935775
2022-03-31,141949.7645743332,431.0001525878906,0.178920246965456,58.927327013298154,-58.927327013298154,-25397.686934328034,-0.0136655114990981,-0.01539133713888452,144731.91914924435,-0.010911689657080286
2022-04-01,142549.58080471566,432.2216491699219,0.1468912273372788,48.44570585724478,-48.44570585724478,-20939.282880819283,0.004225552836816,0.00283409779485444,145283.23902893686,0.0038092487333359557
2022-04-04,142895.19562345702,435.92431640625,0.1569215683813255,51.438603829781,-51.438603829781,-22423.338211389197,0.0024245235713098,0.008566593652675758,145440.17983278775,0.001080240259646412
2022-04-05,141407.11409111094,430.41802978515625,0.1649840966414331,54.20294542177791,-54.20294542177791,-23329.924976994003,-0.0104137968099875,-0.012631290372804749,144228.6871646377,-0.008329834778414678
2022-04-06,140451.0155119781,426.1141052246094,0.1652231853975504,54.459037827386105,-54.459037827386105,-23205.764175209784,-0.0067613188012365,-0.00999940583970238,143491.79610283003,-0.005109185116318006
2022-04-07,141042.45532940724,428.2612609863281,0.1772687043884799,58.38121632209048,-58.38121632209048,-25002.41332001407,0.0042110042086432,0.005038922052549744,143967.86759132906,0.003317761024873167
2022-04-08,141081.79461160427,427.11614990234375,0.1766703061069058,58.35640690674563,-58.35640690674563,-24924.963840143737,0.0002789180187281,-0.0026738610009858776,144076.032069811,0.0007513098602595924
2022-04-11,139242.37205472923,419.8157653808594,0.1586763942701248,52.62898478150144,-52.62898478150144,-22094.477527263625,-0.0130379866653875,-0.017092269920380043,142588.32502004597,-0.010325846904529881
2022-04-12,138807.16073562752,418.2602233886719,0.152044195422658,50.458594656609776,-50.458594656609776,-21104.82307295205,-0.0031255666840455,-0.003705296752675058,142222.9855244533,-0.0025621978204828336
2022-04-13,140581.51879422856,423.0508117675781,0.1306648519466422,43.420465884305735,-43.420465884305735,-18369.063339681972,0.0127829000261771,0.0114536073741216,143828.15909781354,0.011286316114382532
2022-04-14,139201.50972751708,417.7830810546875,0.134276656228352,44.73975638497123,-44.73975638497123,-18691.513268149407,-0.0098164330457362,-0.012451768360592808,142656.75767109508,-0.008144451226145811
2022-04-18,138550.36630086065,417.954833984375,0.1302807627519399,43.18755505029426,-43.18755505029426,-18050.447401236794,-0.0046777037686662,0.0004111055173749989,141981.8110448017,-0.004731262909041346
2022-04-19,140846.06195052993,424.7017822265625,0.129046723697632,42.79643646687955,-42.79643646687955,-18175.722840429597,0.0165693943001508,0.0161427687720912,144038.59120431874,0.014486222878703986
2022-04-20,141374.94782708032,424.3868408203125,0.1296628775720811,43.19427651533507,-43.19427651533507,-18331.082551862066,0.0037550632884302,-0.0007415589466068795,144593.314924949,0.0038512159553365692
2022-04-21,138934.63904922165,418.040771484375,0.141201123340642,46.92778418482554,-46.92778418482554,-19617.72710467672,-0.0172612532514849,-0.01495350167708065,142402.7548308825,-0.015149802016804938
2022-04-22,134812.48853745172,406.5700988769531,0.1149070061360061,38.10142332250429,-38.10142332250429,-15490.899447583217,-0.0296697104478713,-0.0274391240995272,138626.69475232944,-0.026516762846600296
2022-04-25,135380.7899013347,408.9272155761719,0.1147727125111041,37.997031958313784,-37.997031958313784,-15538.020478872073,0.0042154949444843,0.005797565304801466,139118.8323622544,0.0035500926484919697
2022-04-26,131721.06617546867,397.0843200683594,0.090825275118041,30.12861870790832,-30.12861870790832,-11963.602074228627,-0.0270328140981688,-0.028960888531535,135723.99431672675,-0.024402433429629215
2022-04-27,131787.62954735398,398.2008361816406,0.0582778775815179,19.287511837407923,-19.287511837407923,-7680.303341519127,0.0005053358116358,0.0028117859528904443,135770.34011041527,0.00034147089408781905
2022-04-28,133913.00724923649,408.2591857910156,0.0721955486496181,23.680846300976658,-23.680846300976658,-9667.923029678914,0.0161272928967796,0.025259488919774364,137712.35428313096,0.014303670235607541
2022-04-29,129048.5115609975,393.17169189453125,0.140108535394201,45.987028879137036,-45.987028879137036,-18080.797949612977,-0.0363257893177266,-0.03695567527097243,133422.8921054757,-0.031147983781006958
2022-05-02,129604.07885637182,395.538330078125,0.1287688543857258,42.193050556581795,-42.193050556581795,-16688.968758052266,0.004305104248426,0.006019350406917479,133893.87483353773,0.003529999392380984
2022-05-03,130222.34401012056,397.3515625,0.1361322455430047,44.61404404310443,-44.61404404310443,-17727.46010997136,0.0047704143203232,0.004584214181004631,134449.0463642034,0.004146354949812954
2022-05-04,134164.25888686924,409.4520568847656,0.1560735474076809,51.14027751896061,-51.14027751896061,-20939.49181979616,0.0302706490711172,0.030452867250938764,137879.88513724555,0.025517762050527994
2022-05-05,129422.16583784547,394.8989562988281,0.1698064507388196,55.651498382855216,-55.651498382855216,-21976.718627855447,-0.0353454272275481,-0.03554286842924137,133838.62309925267,-0.029310018890501777
2022-05-06,128500.06319672689,392.5418701171875,0.1681980563442608,55.0602687640729,-55.0602687640729,-21613.46086980414,-0.0071247659560412,-0.005968833657430506,133019.42101351835,-0.006120819736219184
2022-05-09,123453.0318095089,379.97369384765625,0.2118476333731673,68.82906118251566,-68.82906118251566,-26153.232621586805,-0.0392764895336373,-0.03201741578746542,128697.13107568095,-0.03249367577233807
2022-05-10,123373.92839439372,380.85162353515625,0.2213956006046908,71.719386994593,-71.719386994593,-27314.444975836912,-0.0006407571685824,0.002310501231308937,128548.83440415857,-0.0011522919763859198
2022-05-11,121478.44109626424,374.8014221191406,0.2216584990161377,71.84265407525282,-71.84265407525282,-26926.72891621823,-0.0153637589626724,-0.015885980371715847,127026.4952957502,-0.01184249639807804
2022-05-12,121641.88232713508,374.41009521484375,0.2171541488584452,70.55108759054882,-70.55108759054882,-26415.039422288166,0.001345434049004,-0.0010440913006261043,127226.20162712243,0.0015721628067219687
2022-05-13,125131.23603430658,383.36151123046875,0.2392877503456043,78.10479427762199,-78.10479427762199,-29942.371968614036,0.0286854629377363,0.023908051973033695,130147.89523640402,0.02296455896596328
2022-05-16,124171.80450156063,381.8059387207031,0.2251790606800292,73.23325141115593,-73.23325141115593,-27960.890300605646,-0.0076674023461487,-0.004057716970002345,129268.9167693622,-0.006753689450338158
2022-05-17,126993.77207793244,389.659912109375,0.2263313405020742,73.76347880955599,-73.76347880955599,-28742.67066981333,0.0227263152669761,0.020570589904881365,131604.87668641063,0.018070546078885866
2022-05-18,122097.45575614064,373.95208740234375,0.2558067181941727,83.52232948824766,-83.52232948824766,-31233.349456836542,-0.038555562541973,-0.04031162616138495,127887.8841196285,-0.028243577748558762
2022-05-19,122100.30986268925,371.6617736816406,0.2592283891607242,85.16309419769031,-85.16309419769031,-31651.86664173022,2.3375643095359147e-05,-0.006124618093758416,128093.91796257839,0.0016110505257649786
2022-05-20,121908.53818406977,371.823974609375,0.2336805145142274,76.6159577430661,-76.6159577430661,-28487.649926530758,-0.0015706076326518,0.0004364207976721435,127879.66927061335,-0.001672590669196536
2022-05-23,123683.10691063988,378.7808532714844,0.229830232196548,75.04634126712028,-75.04634126712028,-28426.11718006283,0.0145565581624045,0.01871014011244987,129191.25460668084,0.0102564023159302
2022-05-24,122598.6130904594,375.88934326171875,0.2118027632319719,69.08076934462856,-69.08076934462856,-25966.725020966704,-0.0087683261463025,-0.007633728011307905,128267.34574459982,-0.00715148145974618
2022-05-25,124049.17325250906,379.2102355957031,0.2235971212226238,73.14422298157456,-73.14422298157456,-27737.038029307532,0.0118317828031169,0.008834760531298613,129531.59433942361,0.009856355781627272
2022-05-26,126818.5228586382,386.78741455078125,0.2053757840526826,67.33790341845874,-67.33790341845874,-26045.45356449587,0.0223246115513563,0.019981472660344002,131891.77668812123,0.018220900937210908
2022-05-27,130231.45445296602,396.2826843261719,0.2008113667575384,65.99318465804349,-65.99318465804349,-26151.95636352222,0.0269119330315188,0.02454906601968565,134791.0483036251,0.021982201531484682
2022-05-31,129124.74180727868,394.0591735839844,0.1848253403475551,60.56330102599195,-60.56330102599195,-23865.52435182046,-0.0084980441194953,-0.005610920764727023,133785.37178279014,-0.007461003779491464
2022-06-01,127678.9139573185,390.8717956542969,0.1335884464383818,43.636885413915635,-43.636885413915635,-17056.427758498,-0.0111971402980082,-0.008088576902545275,132431.91870724192,-0.010116599875699798
2022-06-02,130567.1172149532,398.3154296875,0.1589895945384912,52.116517410213,-52.116517410213,-20758.813026065065,0.0226208319613384,0.0190436713929254,135026.6687283599,0.019593086368052924
2022-06-03,128512.1357159168,391.7784729003906,0.1713330170065765,56.20107651949727,-56.20107651949727,-22018.37193416664,-0.0157388900273664,-0.01641150781489431,133281.17130141662,-0.01292705687981355
2022-06-06,128899.86250605244,392.9712829589844,0.1765010226617351,57.89470767931377,-57.89470767931377,-22750.957553275297,0.0030170441723321,0.003044603369254162,133611.66443207377,0.002479668564059376
2022-06-07,130052.6483421345,396.74078369140625,0.1622029732962628,53.170551436314135,-53.170551436314135,-21094.926246147497,0.0089432666076575,0.0095923058398526,134598.702709747,0.007387366079666304
2022-06-08,128279.88763477503,392.4273681640625,0.178197789420415,58.2507599063768,-58.2507599063768,-22859.19240361614,-0.0136311004040131,-0.010872125338893368,133024.7442847529,-0.01169371170232062
2022-06-09,125096.05340318877,383.09423828125,0.1470863842095254,48.02976483412512,-48.02976483412512,-18399.92617395673,-0.0248194342097567,-0.023783075901348982,130188.48811842065,-0.021321267570046577
2022-06-10,121481.89947499326,371.9862060546875,0.2317514363660914,75.68453947368096,-75.68453947368096,-28153.604695810813,-0.0288910307709466,-0.028995560665173725,127302.0442658321,-0.02217126793855245
2022-06-13,116175.79444186956,357.8625793457031,0.2891720797127087,93.87624755976022,-93.87624755976022,-33594.79609103156,-0.0436781533385221,-0.03796814634279211,123139.41693487804,-0.032698825497740426
2022-06-14,115398.37661849918,356.7842102050781,0.278535833913672,90.08970168618792,-90.08970168618792,-32142.58306371765,-0.0066917366660175,-0.003013361001859005,122418.75486962506,-0.005852407646481764
2022-06-15,116973.22550515122,361.8706359863281,0.2830021120903088,91.47929283000587,-91.47929283000587,-33103.66987597377,0.0136470627473244,0.014256308535420814,123595.50482287265,0.009612497321189212
2022-06-16,112768.2364087678,349.8941650390625,0.2058110863221735,66.33135261153356,-66.33135261153356,-23208.953237924172,-0.0359483042228173,-0.03309600104640187,119994.32975345614,-0.02913678029453754
2022-06-17,113578.69738252324,350.6484069824219,0.2029667743409519,65.74306736472212,-65.74306736472212,-23052.701841577862,0.0071869615023296,0.0021556288121442613,120804.22433954288,0.006749440475652261
2022-06-21,116031.29475117371,359.47552490234375,0.20370064873028,65.75037346492324,-65.75037346492324,-23635.650013828417,0.0215938149069481,0.025173700333862792,122793.3765279764,0.016465915817998583
2022-06-22,115754.87458787805,358.8238220214844,0.1986597769658254,64.08670817557392,-64.08670817557392,-22995.837568334944,-0.0023822897425085,-0.0018129269886633104,122545.07185757102,-0.0020221340712853215
2022-06-23,116787.12062086744,362.3412170410156,0.134678381998534,43.40853235503049,-43.40853235503049,-15728.700443486052,0.0089175167496359,0.009802568290242064,123476.08631534557,0.007597322712875963
2022-06-24,120694.85272592116,373.8614196777344,0.1288853856896464,41.60847262000021,-41.60847262000021,-15555.802644335417,0.0334603001108282,0.031793795723258134,127101.65839279859,0.029362544486498245
2022-06-27,120196.23334302587,372.4333801269531,0.1297003130145162,41.85846360614138,-41.85846360614138,-15589.489087756285,-0.0041312398303147,-0.00381970290492184,126639.5392385325,-0.0036358231679238804
2022-06-28,118036.63949830264,364.823486328125,0.1132263605621614,36.63376839549256,-36.63376839549256,-13364.859103380677,-0.0179672339528312,-0.02043289942548676,124657.16300832752,-0.015653691115150654
2022-06-29,117199.32823477824,364.5263977050781,0.1085418548462708,34.897424585507686,-34.897424585507686,-12721.032473339747,-0.007093655555455,-0.0008143352447974594,123783.9064104925,-0.0070052660975179915
2022-06-30,116159.83945244826,361.56488037109375,0.0976310960372259,31.365912611897,-31.365912611897,-11340.812441250719,-0.008869409048554,-0.008124287713123013,122784.19961525398,-0.008076225934600032
2022-07-01,117492.01741512738,365.38897705078125,0.0861889289527437,27.71433124021027,-27.71433124021027,-10126.51114150694,0.011468490047496,0.010576515826876243,124080.42154128372,0.010556911476325793
2022-07-05,117409.72600261772,366.07904052734375,0.0836997888655786,26.844392028094028,-26.844392028094028,-9827.169277184537,-0.0007004000298923,0.0018885722337118604,123973.90183378987,-0.0008584731271113769
2022-07-06,117328.1512736784,367.3154602050781,0.0881334655745328,28.15165083285366,-28.15165083285366,-10340.536581202314,-0.0006947868095484,0.0033774664508334773,123850.86336057831,-0.0009924546327220716
2022-07-07,119211.8552520828,372.8167724609375,0.0848634576806409,27.135931053841773,-27.135931053841773,-10116.730233215816,0.0160550043442729,0.014977077885008905,125681.87424323565,0.014783997728998783
2022-07-08,118952.04208294844,372.5100402832031,0.0866644371749096,27.674185023543185,-27.674185023543185,-10308.911777924888,-0.0021794239221002,-0.0008227424311134657,125416.92159299697,-0.0021081214123678345
2022-07-11,117598.15373340524,368.2546691894531,0.0876621718752501,27.993968379220497,-27.993968379220497,-10308.909564789856,-0.011381799974473,-0.011423507110076336,124115.04496769453,-0.010380390530771347
2022-07-12,116863.04120697587,364.99603271484375,0.0985088319596153,31.540183061500464,-31.540183061500464,-11512.041688547584,-0.006251054996117,-0.008848866687235168,123447.38502814808,-0.005379363474591114
2022-07-13,116110.98599728118,363.0791320800781,0.0977732040136313,31.267407347531684,-31.267407347531684,-11352.543122136061,-0.0064353554547903,-0.0052518396446878945,122716.34612315318,-0.005921866265763354
2022-07-14,115137.13088496012,362.19744873046875,0.1001450761432223,31.83461611836727,-31.83461611836727,-11530.416739386483,-0.0083872779475307,-0.0024283503834500175,121716.93308057134,-0.008144090613477675
2022-07-15,117560.02217288564,369.11724853515625,0.091979598855283,29.29454996696073,-29.29454996696073,-10813.123680880197,0.0210435266998825,0.019105048445100747,124064.39652557873,0.019286252007791382
2022-07-18,116831.41620996948,366.0694885253906,0.0899166761970246,28.696990462954147,-28.696990462954147,-10505.092620991638,-0.0061977358412253,-0.00825688862241114,123387.58754425358,-0.00545530386056906
2022-07-19,120370.93311603303,375.96038818359375,0.0505942106966023,16.198707478845396,-16.198707478845396,-6090.072351819198,0.0302959342691037,0.027019186160654574,126957.05717747637,0.028928919871640823
2022-07-20,121213.09940831126,378.3564758300781,0.0717334157700543,22.981051500591462,-22.981051500591462,-8695.029656633315,0.006996425719043,0.006373244952907919,127787.26125188444,0.0065392510890316564
2022-07-21,121892.9191394569,382.2093811035156,0.0637174234210867,20.32054450996734,-20.32054450996734,-7766.7027408410595,0.0056084675209535,0.010183267684224395,128421.03698998755,0.004959615942107505
2022-07-22,120840.27570699934,378.6631164550781,0.0604202531746586,19.281518940275795,-19.281518940275795,-7301.200051912448,-0.0086358046052966,-0.009278329689864528,127384.0107159593,-0.008075205576397033
2022-07-25,121206.2274096554,379.1231994628906,0.0439089933910238,14.037767791106699,-14.037767791106699,-5322.0434382814865,0.0030283918214768,0.0012150193346520677,127762.983440077,0.002975041545541596
2022-07-26,119903.40074634392,374.6377868652344,0.0472277731039472,15.11532152755592,-15.11532152755592,-5662.770604839984,-0.0107488426226499,-0.01183101589143265,126461.06712884198,-0.010190090088540125
2022-07-27,123098.91295471982,384.3658142089844,0.0358505200228843,11.481666372335043,-11.481666372335043,-4413.160043678475,0.0266507220686426,0.025966487324059928,129713.62174714902,0.025719809994907417
2022-07-28,124866.47735476852,389.1866455078125,0.014832848429424,4.758964763815891,-4.758964763815891,-1852.1255325193858,0.0143588952787819,0.012542299862825512,131552.03439102785,0.014172857245960225
2022-07-29,126300.03899468854,394.8604736328125,0.0041126127167223,1.315459969222189,-1.315459969222189,-519.4231464920786,0.0114807566473344,0.01457868143855956,133054.46388864052,0.011420800176657137
2022-08-01,125745.92772779938,393.6912841796875,-0.0119691881844336,-3.822987027859308,3.822987027859308,1505.0766724002178,-0.0043872612494794,-0.0029610192237480293,132466.00361238836,-0.0044227022457861654
2022-08-02,125446.2267149767,391.0938720703125,-0.0116242987896557,-3.72857905865529,3.72857905865529,1458.2244213697782,-0.0023833854363177,-0.006597586011554912,132140.12694461367,-0.002460077747406467
2022-08-03,127336.60755219554,397.2182312011719,-0.0202045548048777,-6.476992403333444,6.476992403333444,2572.779465955538,0.0150692522742349,0.015659563005779642,134173.18826235007,0.01538564677320561
2022-08-04,127679.1520191208,396.9498596191406,-0.0613932082971947,-19.747160970506354,19.747160970506354,7838.63277511907,0.0026900706207744,-0.0006756275542029178,134528.55825213986,0.002648591677607896
2022-08-05,128240.64367498065,396.2789001464844,-0.0547940333680679,-17.73201173736965,17.73201173736965,7026.822108669397,0.0043976768875764,-0.0016902877187058296,135107.71166030184,0.004305059205915998
2022-08-08,128446.8321736085,395.81890869140625,-0.0513560231950994,-16.66549613370731,16.66549613370731,6596.518492444878,0.0016078248885778,-0.0011607770560282393,135316.88704013344,0.0015482119951640745
2022-08-09,127816.5224285337,394.2471618652344,-0.0569890239683905,-18.476071776328904,18.476071776328904,7284.13886023603,-0.004907164578593,-0.003970873527412211,134622.2431069346,-0.005133460785222142
2022-08-10,130851.36051026425,402.5278625488281,-0.0602300152826714,-19.579214699294372,19.579214699294372,7881.17944329156,0.0237437071832978,0.021003830806077817,137988.97958390246,0.025008768233742512
2022-08-11,131060.34815550898,402.5278625488281,-0.0563663262316603,-18.352494392291366,18.352494392291366,7387.390340168397,0.0015971377326898,0.0,138209.36698989128,0.0015971377326898
2022-08-12,133528.99599928464,409.3422546386719,-0.0687469091600699,-22.425502508411018,22.425502508411018,9179.705758198157,0.0188359628104034,0.016928994794781715,140973.52376852033,0.019999778877731553
2022-08-15,133889.27944316686,411.0290222167969,-0.0953670951327056,-31.065036675612397,31.065036675612397,12768.631649905898,0.0026981663509558,0.0041206778899820495,141409.29315050476,0.0030911434313009548
2022-08-16,134156.03530779752,411.8341369628906,-0.0935181067635416,-30.463765158978443,30.463765158978443,12546.018432888064,0.0019923616419481,0.0019587783406425086,141716.93513194055,0.002175542883934419
2022-08-17,132859.31972332648,408.9109802246094,-0.0996877212941088,-32.38955048022645,32.38955048022645,13244.442835903863,-0.009665726789674,-0.0070978981000417996,140246.8628377895,-0.01037330007724495
2022-08-18,133334.82693850843,410.0993957519531,-0.1199403295958057,-38.995968429266455,38.995968429266455,15992.223089604413,0.003579027923462,0.0029062939975126323,140797.697788366,0.003927609783425976
2022-08-19,131303.92078900052,404.5885009765625,-0.1039486138480274,-33.73516678275159,33.73516678275159,13648.860558827791,-0.0152316254960491,-0.01343794902522577,138456.44585148836,-0.016628481670181768
2022-08-22,128655.233768917,396.1639099121094,-0.1155772630024964,-37.53400907532608,37.53400907532608,14869.619789957778,-0.0201721852947548,-0.020822616174504538,135330.2645822857,-0.022578806280755547
2022-08-23,128381.34694478234,395.20550537109375,-0.0988232252396439,-32.102434286131924,32.102434286131924,12687.058765693095,-0.002128843235609,-0.0024192121418334933,135009.81366940404,-0.0023679175820038923
2022-08-24,128913.51845275304,396.47064208984375,-0.0985062668621403,-32.029583284924996,32.029583284924996,12698.78945084434,0.0041452401040754,0.0032012122846367674,135612.03568677255,0.004460579575668191
2022-08-25,130902.51329153655,402.0678405761719,-0.0704122604870679,-22.92434493414638,22.92434493414638,9217.14186429554,0.0154289081754639,0.014117561030054127,137839.18639350255,0.01642295756015415
2022-08-26,126438.27313416408,388.45819091796875,-0.0561470040453661,-18.27514620396342,18.27514620396342,7099.130233153014,-0.0341035480917776,-0.03384913759503916,132876.413884272,-0.03600407575725841
2022-08-29,125605.82620094786,385.8896789550781,-0.0996099651952431,-32.42271731670921,32.42271731670921,12511.591976196169,-0.0065838208050569,-0.006612067972671554,131914.0632778351,-0.007242448665683295
2022-08-30,124364.88416887584,381.6534423828125,-0.1065627246605173,-34.72433217524116,34.72433217524116,13252.660909125045,-0.0098796534333265,-0.010977843677334453,130456.48116175587,-0.011049482366480493
2022-08-31,123505.63868006149,378.7493896484375,-0.1038334492147696,-33.8588439007845,33.8588439007845,12824.01646162385,-0.0069090683801676,-0.007609135440371895,129452.07699368763,-0.007699151158483759
2022-09-01,123590.92551312128,379.9378662109375,-0.0951464130760968,-30.950411362261914,30.950411362261914,11759.233251328547,0.0006905501155354,0.0031378969708786286,129580.11930609524,0.000989109756916851
2022-09-02,122448.0388305091,375.9316101074219,-0.1077826825491959,-35.10685918183132,35.10685918183132,13197.778098040375,-0.0092473349306769,-0.010544503351217371,128234.57881170702,-0.010383849788020094
2022-09-06,122240.22505619496,374.51312255859375,-0.0865973774183189,-28.265185562984897,28.265185562984897,10585.682904891557,-0.0016971588626404,-0.0037732595788441126,127975.04314899234,-0.0020239132464868505
2022-09-07,124783.0370164448,381.2413024902344,-0.092332279702777,-30.2210232750411,30.2210232750411,11521.502275964358,0.0208017611148939,0.017965138005512582,130849.42958261081,0.022460523262117876
2022-09-08,125960.29913226933,383.7331848144531,-0.1417715259386266,-46.536459504544496,46.536459504544496,17857.583815667687,0.009434472376797,0.006536233896857535,132205.17677797313,0.010361124230246268
2022-09-09,127832.2196644711,389.69464111328125,-0.1655183999028113,-54.29529232026906,54.29529232026906,21158.584454887947,0.0148611947184731,0.015535420273101064,134509.85576751348,0.017432592623894485
2022-09-12,128926.29044748384,393.88287353515625,-0.1667634118227769,-54.58523209122898,54.58523209122898,21500.188068676696,0.0085586465281164,0.010747472456665186,135902.15809800543,0.010350931703461207
2022-09-13,123670.94833748642,376.7558898925781,-0.0330259794713028,-10.840850297403234,10.840850297403234,4084.354200990376,-0.0407623774154744,-0.04348242788233203,130167.3007750758,-0.042198427186078705
2022-09-14,124076.04223797304,378.1935119628906,-0.0305438487697503,-10.020689806116136,10.020689806116136,3789.759870065799,0.0032755785083911,0.0038157918930541435,130608.84485289041,0.003392127478909385
2022-09-15,122719.72272978706,373.8997802734375,-0.0114128088286816,-3.7458613481923226,3.7458613481923226,1400.5767350238718,-0.010931356962407,-0.011353266393090422,129164.18961204907,-0.011060929621332436
2022-09-16,121497.71131335244,371.04736328125,-0.0310006105468493,-10.151003897321312,10.151003897321312,3766.5032307587653,-0.0099577426452088,-0.007628827677035543,127847.45873961753,-0.010194240960953603
2022-09-19,122191.9249546603,373.9248046875,-0.0206943346016192,-6.76253767850725,6.76253767850725,2528.6805806276834,0.0057138001514894,0.007754916733012651,128598.47089221171,0.005874282993170059
2022-09-20,120486.56661129314,369.6326904296875,-0.0433096416187602,-14.11733906366328,14.11733906366328,5218.230019809984,-0.0139563915045936,-0.011478549173541852,126739.76988967629,-0.014453523355603013
2022-09-21,118401.6365192317,363.1848449707031,-0.047939815167862,-15.628825511048577,15.628825511048577,5676.152570304347,-0.0173042535006223,-0.017443926432721413,124440.64555922359,-0.018140512109608747
2022-09-22,116557.03613848204,360.1341857910156,-0.0346073222633549,-11.20062207603559,11.20062207603559,4033.7269117059523,-0.0155791797729929,-0.008399742505592722,122465.78839670599,-0.015869872368813147
2022-09-23,114410.9856776985,354.1002197265625,-0.0135224147800213,-4.3691382200203135,4.3691382200203135,1547.1128037249152,-0.0184120198306501,-0.01675477170044226,120183.19941419204,-0.018638584803128043
2022-09-26,112918.35331681484,350.59716796875,-0.00931162559255,-2.999035715848042,2.999035715848042,1051.4534286134563,-0.013046232859915,-0.00989282571052219,118604.19033808005,-0.013138351148983735
2022-09-27,112812.13908306342,349.70220947265625,-0.0068643272506437,-2.2143967625455603,2.2143967625455603,774.3794405112793,-0.0009406286102436,-0.0025526689256472057,118490.54961864131,-0.0009581509651117915
2022-09-28,115387.30165511812,356.58306884765625,0.0252389464172079,8.167112177005631,-8.167112177005631,-2912.2539236997304,0.0228269988760572,0.019676339435704904,121136.48966067455,0.02233038879935265
2022-09-29,113153.79460460789,349.13446044921875,0.0207052325751682,6.710525311757324,-6.710525311757324,-2342.8756340512186,-0.0193566104629604,-0.020888844841984833,118844.0903656582,-0.0189241020722805
2022-09-30,111509.60816669502,343.7356262207031,0.0147434615154805,4.7828548779997195,-4.7828548779997195,-1644.0376166119781,-0.0145305461797204,-0.01546348138069542,117144.31552119048,-0.014302560937088768
2022-10-03,114740.28502707084,352.8106689453125,0.0056286988410664,1.830552662384511,-1.830552662384511,-645.8385093555021,0.0289721837740321,0.026401228247381336,120520.83397875653,0.028823579211193336
2022-10-04,118815.45265908292,363.7430725097656,0.0112736209103675,3.682490397219194,-3.682490397219194,-1339.4803715722169,0.0355164503125527,0.030986601389165314,124759.20450314958,0.03516711911519058
2022-10-05,118325.7544944097,362.89617919921875,0.0088246831885781,2.8773719766539907,-2.8773719766539907,-1044.1872964626368,-0.0041215023274651,-0.002328273373575107,124247.57248832895,-0.004100956052566898
2022-10-06,117069.82406543578,359.152587890625,0.0243565893112279,7.939304133227868,-7.939304133227868,-2851.421625499524,-0.0106141763840032,-0.010315874134730563,122960.00522279671,-0.01036291687431725
2022-10-07,113606.25759184608,349.13446044921875,0.0593550629203032,19.313781168516236,-19.313781168516236,-6743.106567504197,-0.0295854760288504,-0.027893791606082297,119525.75216287853,-0.02792983827298556
2022-10-10,112908.40651217218,346.4686584472656,0.051284951218984,16.712917543943764,-16.712917543943764,-5790.502120189965,-0.0061427169107275,-0.007635459411606482,118838.34369547268,-0.0057511327472687295
2022-10-11,112333.43069025094,344.2745056152344,0.0473810386268761,15.459973166217413,-15.459973166217413,-5322.474618624289,-0.0050924093225887,-0.00633290422823396,118268.82878963716,-0.004792349742730439
2022-10-12,112001.52304561312,343.1389465332031,0.0685055598555263,22.360408570435833,-22.360408570435833,-7672.727040911358,-0.0029546648989385,-0.003298411771739951,117946.1080033216,-0.0027287053538813965
2022-10-13,114773.95103120276,352.1947021484375,0.0699296914091071,22.78883506326356,-22.78883506326356,-8026.106977415978,0.0247534846866372,0.026390929116984152,120648.01451538394,0.02290797515748688
2022-10-14,112087.54054039624,344.1686706542969,0.0604143302075589,19.675508736710462,-19.675508736710462,-6771.693686360644,-0.0234060992644242,-0.02278862074068888,117990.21838257312,-0.022029340006021397
2022-10-17,114946.20622909493,353.01275634765625,0.0635640166769927,20.69738965043987,-20.69738965043987,-7306.442569703232,0.0255038666645416,0.02569695166194519,120806.69978448011,0.023870465200553838
2022-10-18,116490.41415150136,357.1604919433594,0.0704885257234266,22.990329948792066,-22.990329948792066,-8211.237554450723,0.0134341791092152,0.011749534602138567,122329.58562762453,0.012605971737174065
2022-10-19,115393.43442260873,354.6295166015625,0.0844548092064966,27.480878019505663,-27.480878019505663,-9745.530487843798,-0.0094169098537666,-0.0070863810496661905,121250.83063044478,-0.00881843089425251
2022-10-20,114346.70477722595,351.65582275390625,0.046604358569515,15.154177709747922,-15.154177709747922,-5329.054830680312,-0.0090709636178198,-0.00838535347016045,120198.35285667847,-0.008680169597964315
2022-10-21,116882.05712714855,360.2015686035156,0.1094254863692632,35.50755205915393,-35.50755205915393,-12789.875948978237,0.0221725003345053,0.024301448452311858,122543.8196781522,0.019513302518133498
2022-10-24,118385.981100563,364.60919189453125,0.0785010364873378,25.488721701379497,-25.488721701379497,-9293.42222196458,0.0128670217686058,0.012236546631664513,124002.88033596541,0.011906440174994494
2022-10-25,120262.86117666498,370.43145751953125,0.1000179828739937,32.47145604233936,-32.47145604233936,-12028.44878954516,0.0158539048175616,0.01596851026916557,125770.76046247927,0.014256766630937006
2022-10-26,120084.23050720547,367.64056396484375,0.0991365548366888,32.3814564266569,-32.3814564266569,-11904.736902699155,-0.0014853352706875,-0.007534169947055136,125677.88836242672,-0.0007384236185823356
2022-10-27,120551.78542668693,365.6773681640625,0.1172533358950709,38.654563339134704,-38.654563339134704,-14135.098989385835,0.0038935580259506,-0.005339986914417283,126245.91337037132,0.004519689305302053
2022-10-28,123531.41005509088,374.37713623046875,0.157138651788965,51.85027970751105,-51.85027970751105,-19411.559229646773,0.0247165532875163,0.023790829905839583,128894.31205250487,0.02097809435117208
2022-10-31,122587.77659735516,371.6728210449219,0.1299850268528549,42.872587207319825,-42.872587207319825,-15934.575432838988,-0.0076388139446873,-0.00722350518724546,128030.73737830149,-0.0066998664289514625
2022-11-01,122653.12305445853,370.04644775390625,0.1283111468266833,42.529155397967884,-42.529155397967884,-15737.762880991882,0.0005330585064611,-0.004375819804211756,128170.87021650169,0.0010945249638464232
2022-11-02,119653.66645019314,360.75970458984375,0.1876108169968466,62.225137214010466,-62.225137214010466,-22448.322119388908,-0.0244547919332931,-0.02509615541624788,125639.94647173851,-0.019746481712171
2022-11-03,118853.98783554068,357.0450439453125,0.1671990284423162,55.657602953987634,-55.657602953987634,-19872.27129259727,-0.0066832771479287,-0.01029677260866635,125016.56292413552,-0.004961666771668233
2022-11-04,120728.41481278528,362.1840515136719,0.161874777942207,53.95843703624967,-53.95843703624967,-19542.88533913427,0.0157708379111204,0.014393163147074839,126696.90402338484,0.013440947822801703
2022-11-07,121749.5709127456,365.64849853515625,0.1755779179170661,58.46198262482612,-58.46198262482612,-21376.536168156064,0.0084582912940904,0.009565432290586706,127555.75859384057,0.006778812608532513
2022-11-08,122372.40432864329,367.62139892578125,0.1775273035939822,59.094609395038304,-59.094609395038304,-21724.442974776597,0.0051156929032959,0.005395620106547039,128086.1128625621,0.004157823014563129
2022-11-09,120161.70800094282,360.047607421875,0.2005603008216524,66.93467143547655,-66.93467143547655,-24099.66830391265,-0.0180653174204488,-0.020602150816131704,126301.44500897304,-0.013933343855192376
2022-11-10,126677.55995808494,379.833740234375,0.2318236314665977,77.31501671412921,-77.31501671412921,-29366.851974810917,0.0542256935719572,0.05495421273364043,131541.1878190197,0.041486008411656734
2022-11-11,127760.89478306838,383.5099182128906,0.2224489637062145,74.1057200791763,-74.1057200791763,-28420.27864667227,0.0085519078938833,0.009678387118130294,132382.91471150296,0.00639896070910764
2022-11-14,126413.88215521984,380.24749755859375,0.2230047953686569,74.1382970375453,-74.1382970375453,-28190.901921782304,-0.0105432310108323,-0.008506743892046753,131238.30736400772,-0.008646186329932842
2022-11-15,127754.4125392031,383.4906311035156,0.2217523375440307,73.87361597495101,-73.87361597495101,-28329.839612132717,0.0106042972585657,0.00852900693823,132381.78280326296,0.008712970033083942
2022-11-16,126348.88576803709,380.5650939941406,0.2334045749817017,77.49110059619478,-77.49110059619478,-29490.407982100274,-0.0110017864998182,-0.007628705559133531,131161.0623560137,-0.009221211721128093
2022-11-17,125771.4492905302,379.400634765625,0.2350152712828406,77.90764844900588,-77.90764844900588,-29558.211274649988,-0.0045701746714808,-0.003059816170459251,130655.95177354434,-0.003851071144104697
2022-11-18,126351.1003904302,381.1232604980469,0.2076841267493492,68.85205042094336,-68.85205042094336,-26241.117948405852,0.0046087653690071,0.004540387059410289,131134.91023710198,0.0036657990474694285
2022-11-21,125962.97139597913,379.7374267578125,0.1611091592739152,53.44163359013153,-53.44163359013153,-20293.788421250425,-0.0030718291590001,-0.0036361825264178416,130808.90795208301,-0.0024860068492024204
2022-11-22,127553.531654031,384.8475646972656,0.1560200479428241,51.71114474790347,-51.71114474790347,-19900.908123938447,0.012627204966861,0.013457029988019231,132186.01684796982,0.01052763850296222
2022-11-23,128254.03005355412,387.272705078125,0.1615280832032964,53.49364250565858,-53.49364250565858,-20716.627637648566,0.005491799328796,0.006301560938204442,132777.40654805853,0.004473920269259071
2022-11-25,128550.6575123519,387.1861267089844,0.1605664198996424,53.3100682814947,-53.3100682814947,-20640.918852503415,0.0023128119925269,-0.00022355918195460234,133089.26191698838,0.0023487080900090433
2022-11-28,126483.76469628108,381.0078125,0.1729597069972874,57.41770683975836,-57.41770683975836,-21876.59488178262,-0.0160784305274535,-0.015956961736979025,131316.7100400278,-0.01331851910085868
2022-11-29,126737.9864486976,380.3534240722656,0.1634529446281848,54.464337035521744,-54.464337035521744,-20715.697081286606,0.0020099160791662,-0.0017175197102667905,131617.51062685438,0.0022906497332662538
2022-11-30,129991.55417017394,392.334716796875,0.1507643220280794,49.952470925455295,-49.952470925455295,-19598.088533842634,0.0256716065375818,0.03150042030996136,134371.2736529825,0.020922467025950933
2022-12-01,129831.38395669336,392.0460510253906,0.1588349457289302,52.600353378735434,-52.600353378735434,-20621.76082467329,-0.0012321586160197,-0.0007357640278207178,134221.4102345989,-0.0011152935765914973
2022-12-02,129626.369654237,391.5937194824219,0.1277724227096793,42.29555908014452,-42.29555908014452,-16562.675297782316,-0.0015790812375899,-0.0011537714556381085,134029.2506676847,-0.0014316610634497455
2022-12-05,127221.48209778356,384.54925537109375,0.1372831196059462,45.417750000377765,-45.417750000377765,-17465.361943275762,-0.0185524562854623,-0.017989216274047926,131873.67959934345,-0.016082840556094945
2022-12-06,125439.7786374144,379.00604248046875,0.1321286007256045,43.73065484185587,-43.73065484185587,-16574.182426691143,-0.0140047374939377,-0.014414831944676965,130277.99147073776,-0.012100125919392787
2022-12-07,125015.27387924134,378.3612365722656,0.0728561585548463,24.07258390959382,-24.07258390959382,-9108.132615523542,-0.0033841319140086,-0.0017013077258164477,129853.26161626366,-0.0032601811685859317
2022-12-08,126043.23642788932,381.3253479003906,0.0714190426777064,23.60684211328938,-23.60684211328938,-9001.887281679667,0.0082226956495006,0.007834077705681786,130848.35226319642,0.007663193319498044
2022-12-09,125008.93249414356,378.4767150878906,0.0384415367737383,12.697043923569876,-12.697043923569876,-4805.5354755193885,-0.0082059455394695,-0.007470347377075304,129812.19374564353,-0.00791877390606106
2022-12-12,127004.67163764502,383.9333801269531,0.0507390788260145,16.784422452050727,-16.784422452050727,-6444.100045494559,0.0159647723061307,0.014417439228184392,131789.65466069698,0.015233244720662578
2022-12-13,127670.53470058789,386.8396301269531,0.0715930084349475,23.62818324666936,-23.62818324666936,-9140.317667713445,0.0052428233887541,0.007569672631848379,132409.18303415447,0.004700887752172388
2022-12-14,126517.87150445965,384.36639404296875,0.0954818798935404,31.42877316695054,-31.42877316695054,-12080.164211375193,-0.0090284198999516,-0.006393440307997156,131294.56753639283,-0.008417962200356895
2022-12-15,123501.98833217354,374.96417236328125,0.1154788869888183,38.035292981772976,-38.035292981772976,-14261.872153505425,-0.0238376059952903,-0.0244616122153396,128535.7002280301,-0.0210128062427108
2022-12-16,122208.17871949548,370.5372619628906,0.1046680659402041,34.52093762684912,-34.52093762684912,-12791.2937086444,-0.0104760225333232,-0.011806222371831376,127347.9933304378,-0.00924028807160364
2022-12-19,121021.49749791784,367.39520263671875,0.079662043316385,26.241006160948096,-26.241006160948096,-9640.819775892911,-0.0097103257246097,-0.008479739148303356,126197.42810407601,-0.009034812377265911
2022-12-20,121458.38480594513,367.89794921875,0.0868818609233964,28.683308833602695,-28.683308833602695,-10552.530496690488,0.0036099975381217,0.0013684081295104455,126637.99691620823,0.0034911076933271286
2022-12-21,123384.83816868276,373.3989562988281,0.0583996922738442,19.297420249194612,-19.297420249194612,-7205.63658030914,0.0158610158188383,0.014952535320623017,128536.02091854544,0.014987792357400128
2022-12-22,121673.8617868148,368.07196044921875,0.0449106389757273,14.846148217378508,-14.846148217378508,-5464.450879490181,-0.013866990525439,-0.014266231224669634,126835.96687756282,-0.013226284965363615
2022-12-23,122411.17680810444,370.18927001953125,0.0468544463792918,15.493447229517837,-15.493447229517837,-5735.507919981337,0.0060597651004246,0.0057524337570522555,127570.37731292214,0.005790238001404367
2022-12-27,122104.8636562236,368.7294616699219,0.0467778705213746,15.49050481692728,-15.49050481692728,-5711.805502140927,-0.0025023299331646,-0.003943410757238697,127274.68632691413,-0.0023178655753498924
2022-12-28,120787.9256503072,364.1468811035156,0.0547689231135742,18.1669127384596,-18.1669127384596,-6615.424612989792,-0.0107853034390515,-0.01242802933525411,125988.62224790655,-0.010104633655935722
2022-12-29,122892.29685163588,370.7016296386719,0.0314602159371164,10.429461018903888,-10.429461018903888,-3866.2181959606746,0.017422032790107,0.018000287453493025,128112.25368982318,0.016855739859889942
2022-12-30,122493.9730592024,369.72515869140625,0.0314491871966524,10.41945834261155,-10.41945834261155,-3852.335889200552,-0.0032412429634574,-0.0026341156045561753,127707.62366993065,-0.0031584021687120897
2023-01-03,122328.49252948734,368.1686706542969,0.010132521599786,3.3666528187243645,-3.3666528187243645,-1239.4960928242908,-0.001350927932063,-0.004209851562761768,127540.54742297449,-0.0013082715201714235
2023-01-04,123698.98298842568,371.0110168457031,-0.0251990075389034,-8.401614678133305,8.401614678133305,3117.0916048800223,0.0112033626066957,0.0077202283028452445,128994.24242761968,0.011397904697901154
2023-01-05,121844.33729805732,366.77655029296875,-0.033669882909289,-11.185242259104566,11.185242259104566,4102.484569985505,-0.0149932169655904,-0.011413317557886438,127010.6332026538,-0.015377502031370968
2023-01-06,124866.62373072008,375.1874694824219,-0.0221564389152496,-7.373912900288838,7.373912900288838,2766.5997212431553,0.0248044882485561,0.022931998195453884,130225.59997399691,0.02531257966577829
2023-01-09,125260.59221342532,374.9747619628906,-0.0236345292591554,-7.895131704838091,7.895131704838091,2960.475131687334,0.0031551144007452,-0.0005669366299058121,130634.73171049547,0.0031417151203776044
2023-01-10,126300.7530324518,377.6044006347656,-0.033678520762144,-11.264758901451804,11.264758901451804,4253.6225332778495,0.0083039749425275,0.007012841765961841,131750.3728393472,0.008540157079544076
2023-01-11,127558.93283144786,382.3802795410156,-0.0216320680534833,-7.2162809210551995,7.2162809210551995,2759.363515839585,0.0099617759101783,0.012647836990833827,133098.887282854,0.01023537478069338
2023-01-12,128143.71458558762,383.7724609375,-0.0069371903977191,-2.3163656510933657,2.3163656510933657,888.9573463511954,0.0045844045662601,0.0036408294856509205,133712.42812502358,0.00460966169360769
2023-01-13,128783.97149362876,385.26129150390625,0.004083287858299,1.364949032618106,-1.364949032618106,-525.8620271434589,0.0049963972880893,0.0038794617069950466,134378.39040521497,0.004980556329204392
2023-01-17,128685.48667613108,384.55560302734375,0.0088642099585804,2.966268501978419,-2.966268501978419,-1140.6951725193267,-0.0007647288428477,-0.0018317139357753032,134277.809235413,-0.0007484921459369301
2023-01-18,126457.10576962325,378.4842224121094,-0.0232532615448926,-7.769254253006652,7.769254253006652,2940.5401546711964,-0.0173164897150843,-0.015788043568832566,131903.2923926673,-0.017683613221472525
2023-01-19,125129.95779988365,375.72894287109375,-0.0293965914016351,-9.790021001413823,9.790021001413823,3678.3942415470224,-0.0104948469416763,-0.007279773839596326,130490.7601524912,-0.010708847478735226
2023-01-20,127485.71942030064,382.7283935546875,0.0037793776037825,1.2588997338404626,-1.2588997338404626,-481.81667277918393,0.0188265197386582,0.018628989904552418,132938.25969342212,0.018756113751431845
2023-01-23,128895.03735897968,387.3205871582031,-0.0121942453860792,-4.058079448178785,4.058079448178785,1571.777714603244,0.0110547122068842,0.011998570476740689,134427.30455936166,0.011201025719559742
2023-01-24,128529.60402317545,386.9048156738281,-0.0107850469737707,-3.5827877057976436,3.5827877057976436,1386.1978169100948,-0.0028351233941341,-0.0010734556802816098,134044.63026220337,-0.0028467006640701983
2023-01-25,128622.78582778436,387.0498352050781,-0.0116244580431988,-3.862991380585938,3.862991380585938,1495.1701772544245,0.0007249832076983,0.0003748196594488551,134142.39441078727,0.0007293402831033293
2023-01-26,129969.46601828736,391.3036804199219,-0.0420255019436706,-13.958550149356798,13.958550149356798,5462.0320467693655,0.0104699970680631,0.010990432827829189,135608.82236900827,0.010931875524230817
2023-01-27,130104.9864421624,392.2027893066406,-0.0275717772389991,-9.146354390309183,9.146354390309183,3587.2257038663,0.0010427097073397,0.002297726629491237,135758.8141497716,0.0011060621141241486
2023-01-30,128728.88115754069,387.2818603515625,-0.0206669888237127,-6.869514481666841,6.869514481666841,2660.4383481719337,-0.0105768835019512,-0.01254689943377918,134287.7058275062,-0.010836190132321361
2023-01-31,130480.77687225195,392.9761962890625,-0.0897171609275558,-29.788992226871294,29.788992226871294,11706.36485660033,0.0136091893206722,0.014703337595855626,136292.39715281216,0.01492833102593176
2023-02-01,131928.4399267422,397.1527099609375,-0.1113945828853418,-37.003684395855636,37.003684395855636,14696.113536353323,0.0110948377929077,0.010627904975707203,137965.8945396721,0.012278728834621652
2023-02-02,133050.81995481096,402.9339904785156,-0.0983098108805951,-32.46239149924237,32.46239149924237,13080.200947265572,0.0085074910966277,0.014556820015521943,139337.07814626442,0.009938569319376523
2023-02-03,131502.70584035025,398.6512145996094,-0.0880453173934292,-29.043427060512307,29.043427060512307,11578.197473808394,-0.0116355097622585,-0.010628976408319724,137585.4241722677,-0.012571341363696281
2023-02-06,130711.29184858355,396.2148742675781,-0.0992986808383847,-32.75863601849525,32.75863601849525,12979.458851245452,-0.0060182335162555,-0.006111458444892026,136673.90790345633,-0.006625093277831884
2023-02-07,132025.285600436,401.3968505859375,-0.1290346601636358,-42.44138397097839,42.44138397097839,17035.837860459218,0.0100526414609579,0.013078702125806085,138278.49338787017,0.011740247345142708
2023-02-08,130819.65260183536,397.0076599121094,-0.1337203169957769,-44.062740298430356,44.062740298430356,17493.245415194837,-0.0091318340507088,-0.01093479101149153,136813.56580599546,-0.01059403777104802
2023-02-09,129332.67780668996,393.5659484863281,-0.1186351920743501,-38.98560617883258,38.98560617883258,15343.4070730867,-0.011366601008116,-0.008669131035263122,135117.75276035114,-0.012395065033602149
2023-02-10,129843.91357516716,394.4844055175781,-0.1190520629330842,-39.185796838146324,39.185796838146324,15458.185770428745,0.0039528739151396,0.002333680123451698,135689.39588933703,0.00423070334806246
2023-02-13,131126.28550715183,399.115234375,-0.1034111421361072,-33.974947034016864,33.974947034016864,13559.918948359851,0.0098762575516663,0.011738940228438244,137194.21771772328,0.011090194768156595
2023-02-14,131038.88418975953,398.9316101074219,-0.1218341714482889,-40.019425581414,40.019425581414,15965.013882767635,-0.000666543073757,-0.0004600783226570426,137095.08167881737,-0.0007225963349992393
2023-02-15,132239.3369047328,400.2270202636719,-0.1493095182468389,-49.33347996724267,49.33347996724267,19744.59168652708,0.0091610419487002,0.0032471985759694455,138417.48433095476,0.009645879603730019
2023-02-16,130661.72415858804,394.7164001464844,-0.148956204273475,-49.30850217337856,49.30850217337856,19462.874474491084,-0.0119299807687427,-0.013768735837867863,136482.28063941645,-0.01398091939679566
2023-02-17,130238.7974445699,393.7303161621094,-0.1490802928309638,-49.31303804656727,49.31303804656727,19416.03806098906,-0.0032368064690835,-0.0024982088000626845,135989.6833098374,-0.0036092401685497355
2023-02-21,127699.74121776862,385.8316650390625,-0.1551388325793184,-51.34671559733171,51.34671559733171,19811.188773205693,-0.0194953905949715,-0.020061069211126714,132915.2773083053,-0.022607641452678608
2023-02-22,127486.89719775975,385.29998779296875,-0.1933032393141926,-63.95959247131889,63.95959247131889,24643.630198442424,-0.0016667537301105,-0.0013780031404108106,132658.3353032358,-0.0019331262009370399
2023-02-23,127877.9688869195,387.34954833984375,-0.1811088278533356,-59.7905151887666,59.7905151887666,23159.82905337531,0.0030675441771328,0.005319389078144221,133193.07209813638,0.004030932497971335
2023-02-24,126478.91369501223,383.2117919921875,-0.2241202704953198,-73.97081442070615,73.97081442070615,28346.48834928035,-0.0109405490569248,-0.010682228404268024,131416.98870284948,-0.013334652976382139
2023-02-27,126753.14378767244,384.5168762207031,-0.2265557515108756,-74.68242754239883,74.68242754239883,28716.6537471822,0.0021681882350877,0.003405647362078712,131803.32274587316,0.0029397572325844737
2023-02-28,126612.87560673572,383.09576416015625,-0.1984032534128668,-65.57213311769529,65.57213311769529,25120.406444334963,-0.0011066248674011,-0.0036958379421848653,131560.81898023363,-0.001839891139217292
2023-03-01,126394.4823698498,381.626220703125,-0.1947811227709721,-64.51144563047993,64.51144563047993,24619.25918805518,-0.001724889635745,-0.0038359689521831886,131235.59221908927,-0.002472063975165831
2023-03-02,127307.62494751072,384.59423828125,-0.1910677059050374,-63.24685453335264,63.24685453335264,24324.375842939782,0.0072245446204598,0.007777289444778068,132378.7242379407,0.008710533472833008
2023-03-03,129078.73603300202,390.76226806640625,-0.2122817435056663,-70.12207005088014,70.12207005088014,27401.059134593343,0.0139120581836438,0.016037759204925006,134671.07122752303,0.01731658166958933
2023-03-06,128817.00142028376,391.032958984375,-0.1927540142259423,-63.49846874493454,63.49846874493454,24829.994124308607,-0.0020277128577656,0.0006927253219923823,134415.97899860557,-0.0018941872711956099
2023-03-07,126788.77046132076,385.0389404296875,-0.1889490176710395,-62.218677424290846,62.218677424290846,23956.613630385466,-0.0157450564490755,-0.015328678611275404,131910.27761089877,-0.01864139521487106
2023-03-08,127047.85888697676,385.6673583984375,-0.1813027471831066,-59.725370421791624,59.725370421791624,23034.12583994055,0.0020434650853802,0.001632089388280411,132218.86421078522,0.002339367375123834
2023-03-09,124153.04344013977,378.5518493652344,-0.1326921412500843,-43.51882893825808,43.51882893825808,16474.133176786876,-0.0227852359905747,-0.018449860684999986,128882.53437393872,-0.025233387510633094
2023-03-10,121631.23163123072,373.0895690917969,-0.081387028172679,-26.533050761901542,26.533050761901542,9899.20447544862,-0.0203121223534477,-0.01442941114300933,126113.30118528868,-0.021486489244658968
2023-03-13,120925.52463593952,372.5578308105469,-0.0940117913999502,-30.514524878647787,30.514524878647787,11368.425197003486,-0.0058020212886672,-0.001425229556924923,125364.6914096257,-0.005936009672469869
2023-03-14,122914.96109029598,378.7162780761719,-0.0896514167315016,-29.09698113643284,29.09698113643284,11019.500399242428,0.0164517496231329,0.016530178018876907,127612.94461490406,0.01793370350134914
2023-03-15,121370.5517175491,376.34759521484375,-0.1159672866504551,-37.39897302630023,37.39897302630023,14075.0135619529,-0.0125648607707919,-0.006254505017214251,125916.94577054353,-0.013290178746979894
2023-03-16,123413.7523489194,382.95068359375,-0.0674336957851237,-21.731898618116087,21.731898618116087,8322.245431597627,0.0168344017758542,0.017545185522274354,128185.65918610441,0.018017538478856805
2023-03-17,121699.3206796056,378.47296142578125,-0.0323859887644276,-10.41382934548438,10.41382934548438,3941.352832168179,-0.0138917392647353,-0.011692686185981294,126356.39618789915,-0.014270418468180468
2023-03-20,123012.3378108541,382.11224365234375,-0.0209090461979925,-6.73119141544794,6.73119141544794,2572.070654210208,0.0107890259692181,0.009615699395942645,127745.06322598431,0.010990081072113874
2023-03-21,124867.07816876566,387.1295471191406,0.0100265912861864,3.2340366867249135,-3.2340366867249135,-1251.9911578985018,0.0150776774990117,0.013130444130342367,129654.34399436206,0.01494602390231065
2023-03-22,122051.96890708504,380.53033447265625,-0.0024229246912852,-0.7771331278878624,0.7771331278878624,295.72272908494983,-0.0225448477129883,-0.017046522786992147,126725.95151279359,-0.02258615015394946
2023-03-23,121391.4659430173,381.5590515136719,-0.0037751329473787,-1.2010432482052218,1.2010432482052218,458.268922612084,-0.0054116534946728,0.0027033772286282343,126041.44788986462,-0.005401447886227812
2023-03-24,121927.5128826983,384.0628967285156,-0.0098211501047026,-3.1178966156694385,3.1178966156694385,1197.46840591404,0.0044158535817717,0.006562143408499477,126606.15156242925,0.004480301377195159
2023-03-27,122577.87451366216,384.7810363769531,-0.0061925164257067,-1.9727206634228314,1.9727206634228314,759.0655013540676,0.0053340022738719,0.0018698490652304667,127282.93504437372,0.005345581344921932
2023-03-28,122578.05178833638,383.91729736328125,0.0319967880056381,10.216012573937874,-10.216012573937874,-3922.103937215527,1.4462208202494842e-06,-0.002244754631893331,127292.26121253282,7.327115890161457e-05
2023-03-29,124450.11720004393,389.4975280761719,0.0420322250545226,13.429906372065549,-13.429906372065549,-5230.915334213961,0.015272435679922,0.01453498123480057,129158.55645558068,0.014661498077497599
2023-03-30,125163.52379517426,391.778076171875,0.0448066109402582,14.31461752377843,-14.31461752377843,-5608.153314602123,0.0057324702554005,0.005855102873097318,129865.06963801009,0.005470122938950441
2023-03-31,126998.51545853804,397.3000793457031,0.0725595113402439,23.19392998305877,-23.19392998305877,-9214.950222607931,0.0146607542495103,0.014094722266708937,131636.17570286154,0.013638048089361443
2023-04-03,127070.92422436796,398.8139953613281,0.0879995756106821,28.038603294426487,-28.038603294426487,-11182.187404201524,0.0005701544271478,0.003810510227227226,131667.08797663203,0.00023483114429164028
2023-04-04,126028.4062595798,396.601318359375,0.0832191646532792,26.44463900143366,-26.44463900143366,-10487.978691506336,-0.008204221155639,-0.00554814281266236,130647.65431749239,-0.007742509345392143
2023-04-05,125485.51214875709,395.5629577636719,0.0874610208417777,27.745497342399368,-27.745497342399368,-10975.090993383592,-0.0043077122605559,-0.0026181471105505283,130114.77827530072,-0.0040787264415532
2023-04-06,125496.33504664722,397.10595703125,0.1137723145910041,35.955160727597956,-35.955160727597956,-14278.008510945201,8.624818678124549e-05,0.0039007678481866037,130068.25558019207,-0.0003575511999891149
2023-04-10,126119.06251391245,397.5135498046875,0.1144138408201834,36.300061595252274,-36.300061595252274,-14429.766342857538,0.0049621167584994,0.0010264081065030073,130698.39484715837,0.004844681464785419
2023-04-11,126871.85721616384,397.62030029296875,0.1208132005895306,38.54882440290168,-38.54882440290168,-15327.795135022689,0.0059689208534065,0.00026854553343835796,131474.28286315204,0.005936477008007789
2023-04-12,126332.64167905004,395.9996032714844,0.1225544672636029,39.09758866188871,-39.09758866188871,-15482.629598979614,-0.004250079954257,-0.004075991644013732,130981.18212701051,-0.0037505489697540004
2023-04-13,127548.3483030732,401.259521484375,0.1099617816807249,34.95354721541665,-34.95354721541665,-14025.443629839592,0.0096230602626965,0.013282635056794723,132050.31315061852,0.008162478046436494
2023-04-14,127227.83405775072,400.2793884277344,0.1330086267354489,42.27646983527389,-42.27646983527389,-16922.399490546995,-0.0025128843265054,-0.002442641243788679,131761.3881259329,-0.0021879919690616987
2023-04-17,127998.1418389068,401.7156982421875,0.1241683243518853,39.56358903034502,-39.56358903034502,-15893.314792292,0.0060545539178669,0.003588268234582026,132500.43836644708,0.005609004663853752
2023-04-18,128276.38381316554,401.97772216796875,0.1109691637608277,35.41172123977033,-35.41172123977033,-14234.723042009955,0.0021737969806538,0.0006522621020981223,132778.876907721,0.0021014160006310916
2023-04-19,128308.10944959134,401.9097900390625,0.1122694377935383,35.84157358012438,-35.84157358012438,-14405.0793122574,0.0002473225038212,-0.00016899476055509677,132814.23531857447,0.0002662954505787743
2023-04-20,127365.01984532247,399.716552734375,0.1217522869098224,38.79494690025468,-38.79494690025468,-15506.982438482928,-0.0073501948420445,-0.0054570387660234365,131926.2675121265,-0.006685787892525592
2023-04-21,127211.58624298927,400.0270690917969,0.1155247342889641,36.73772560583036,-36.73772560583036,-14696.084699198978,-0.0012046761545639,0.0007768413774653649,131755.4994406009,-0.0012944205482802592
2023-04-24,127095.94944166676,400.44439697265625,0.1172931771222215,37.22735995828221,-37.22735995828221,-14907.487709378329,-0.0009090115510518,0.0010432491026342028,131619.60977601598,-0.0010313775528296722
2023-04-25,125038.0872200825,394.0877990722656,0.1303675318977447,41.36364247376235,-41.36364247376235,-16300.906824097088,-0.0161914068121328,-0.01587385901375138,129760.88146493639,-0.014121970990817266
2023-04-26,124245.96714108542,392.41864013671875,0.1270106660068461,40.21359186647205,-40.21359186647205,-15780.563035253976,-0.0063350303624114,-0.004235500158787708,129008.6476867882,-0.0057970766663716705
2023-04-27,126196.80715486204,400.23095703125,0.1405380178480206,44.31303682215775,-44.31303682215775,-17735.449136293217,0.0157014352953716,0.01990811876777676,130673.32209203528,0.012903587744665273
2023-04-28,127210.49360427176,403.64697265625,0.1494279045118153,47.092629894162755,-47.092629894162755,-19008.797491200014,0.0080325839636003,0.008535110952782476,131556.30789271268,0.006757200219150171
2023-05-01,127110.48307081038,403.2393798828125,0.1478658940246788,46.61078792611074,-46.61078792611074,-18795.305219174177,-0.0007861814747178,-0.00100977537563407,131472.5236090087,-0.0006368701360355624
2023-05-02,125487.76125369896,398.707275390625,0.1064632339409018,33.50787333886389,-33.50787333886389,-13359.832883072586,-0.0127662312179826,-0.011239240804071793,129951.4305153713,-0.011569665294940575
2023-05-03,124303.63567415084,395.9704895019531,0.1187194858641002,37.26859478047245,-37.26859478047245,-14757.26371827361,-0.0094361837976706,-0.006864148355433364,128831.08341386326,-0.008621275634018643
2023-05-04,123611.31137383643,393.1658630371094,0.138360163810741,43.50042284553644,-43.50042284553644,-17102.881290544523,-0.0055696222926997,-0.007082917892117124,128239.79658719759,-0.004589628612888346
2023-05-05,125909.99302766856,400.44439697265625,0.0955893251266391,30.055736454808002,-30.055736454808002,-12035.651260214672,0.018596046173155,0.018512629451911122,130397.61537066869,0.016826436417527273
2023-05-08,126232.03895121314,400.5511169433594,0.0845817707883654,26.65559758314021,-26.65559758314021,-10676.929384719522,0.002557747131904,0.0002665038430051947,130728.20015689095,0.002535205764940716
2023-05-09,125955.12083899004,398.79461669921875,0.0807937679103527,25.517869033475662,-25.517869033475662,-10176.38880018579,-0.0021937228814795,-0.004385208703310162,130487.73539191992,-0.0018394253472658
2023-05-10,126191.61264195717,400.6579284667969,0.0808554682030415,25.466317270963124,-25.466317270963124,-10203.281923462297,0.0018775878375713,0.00467235937887156,130683.44116266134,0.0014998020323797679
2023-05-11,125894.18548377571,399.95916748046875,0.0827005489187918,26.03145293750735,-26.03145293750735,-10411.518245192443,-0.0023569487064511,-0.0017440338420410262,130394.27580181332,-0.002212716150381358
2023-05-12,125641.10868407437,399.43511962890625,0.1051404921775286,33.0716237897324,-33.0716237897324,-13209.968004773942,-0.0020102342195459,-0.0013102533812732187,130150.11597136827,-0.001872473534161563
2023-05-15,126305.94593082734,400.81317138671875,0.1054428138099411,33.22758654311533,-33.22758654311533,-13318.054339872713,0.0052915582623892,0.0034500014898359854,130791.46716160419,0.004927780397652405
2023-05-16,125009.2943133333,398.1346740722656,0.0951335992915457,29.87075702621401,-29.87075702621401,-11892.584112923554,-0.0102659586446085,-0.006682657920612178,129531.91742929108,-0.009630213343786508
2023-05-17,126686.8937048998,402.9675598144531,0.1409707941831414,44.31908123422692,-44.31908123422692,-17859.152018174944,0.0134197973101233,0.012138821501666675,131048.55198833645,0.011708578002585955
2023-05-18,127922.7114692168,406.8494873046875,0.1322856214730152,41.59360135692024,-41.59360135692024,-16922.335387218554,0.0097548983022323,0.00963334987069886,132159.91508187162,0.00848054462771991
2023-05-19,127638.52406883876,406.2574768066406,0.1322652966975704,41.55528998187532,-41.55528998187532,-16882.147256004937,-0.0022215554776327,-0.001455109362356155,131891.75005817326,-0.0020290950060932508
2023-05-22,128104.6730418259,406.42242431640625,0.1726268193882435,54.41211147041664,-54.41211147041664,-22114.302255981267,0.0036521025010891,0.0004060171669015844,132364.18802793048,0.003582013048949854
2023-05-23,126530.15943588129,401.86126708984375,0.1657714903485105,52.194861315239194,-52.194861315239194,-20975.09310372069,-0.0122908366147622,-0.011222700701700394,130983.57226041167,-0.010430432793706052
2023-05-24,125185.57946553169,398.9498596191406,0.1384701248219693,43.45022913669191,-43.45022913669191,-17334.46281450273,-0.0106265571492539,-0.007244807372919104,129723.0691729814,-0.009623367768014666
2023-05-25,125523.92496211577,402.4046936035156,0.1456146546730246,45.422241035216025,-45.422241035216025,-18278.12298656114,0.0027027513714327,0.00865982002769261,129910.09801358274,0.001441754668569698
2023-05-26,126845.42354782743,407.6161193847656,0.1316429069747474,40.965750612322736,-40.965750612322736,-16698.30029227908,0.0105278622072289,0.012950708239960917,131056.2939414845,0.00882299332713863
2023-05-30,126858.64594038414,407.7713623046875,0.1418185127219381,44.12007844665995,-44.12007844665995,-17990.90449318421,0.0001042402018683,0.0003808556937252572,131062.87661261689,5.022781382250205e-05
2023-05-31,126265.0049565333,405.51025390625,0.1371015442014403,42.68973963392155,-42.68973963392155,-17311.12715814323,-0.0046795469039596,-0.005545039714554556,130549.20012453364,-0.003919313396435856
2023-06-01,127408.56403819167,409.36297607421875,0.1321466680598381,41.12882259504341,-41.12882259504341,-16836.617219935542,0.009056817303037,0.009500924158774682,131567.65383862684,0.007801301831965706
2023-06-02,129762.46560841327,415.2828369140625,0.1581946055474656,49.430701770218974,-49.430701770218974,-20527.722061789507,0.0184752225095011,0.014461153513722902,133697.41129167713,0.01618754603363636
2023-06-05,129364.03815437578,414.487060546875,0.1224210097538494,38.20837291229062,-38.20837291229062,-15836.87617669418,-0.0030704368337132,-0.0019162274393540457,133318.2654429875,-0.0028358503356694445
2023-06-06,129848.21857177968,415.3896179199219,0.0935334909095122,29.237989221341664,-29.237989221341664,-12145.157171399907,0.0037427744550313,0.002177528465800771,133790.0924649867,0.0035391026160701195
2023-06-07,130133.68355696496,413.953369140625,0.0862872123640575,27.12593646020624,-27.12593646020624,-11228.872788796893,0.0021984513020291,-0.0034575943098649198,134124.1392302357,0.0024967974765131708
2023-06-08,130639.85287025214,416.45709228515625,0.0914301589586453,28.68103998114315,-28.68103998114315,-11944.422514261189,0.003889610279614,0.006048321697994741,134571.65934414443,0.003336611265333317
2023-06-09,130690.07030331485,417.2043762207031,0.0898915834906417,28.158710779806263,-28.158710779806263,-11747.937366068261,0.0003843959707499,0.001794383981904124,134601.68173676304,0.00022309595322629532
2023-06-12,131723.5345983105,420.9891662597656,0.0744087740650904,23.281802741054367,-23.281802741054367,-9801.386724980805,0.0079077491702094,0.009071788923566526,135575.2191534243,0.007232728477829549
2023-06-13,132795.40976443244,423.7647399902344,0.0393814295917402,12.340982121034427,-12.340982121034427,-5229.673079744285,0.0081373094746553,0.006592981370822537,136643.2357790021,0.007877668443000597
2023-06-14,132628.9512451671,424.26934814453125,0.0315703657247477,9.869071416097842,-9.869071416097842,-4187.144496499657,-0.0012534960324352,0.0011907742827035328,136466.81717139017,-0.0012910892120357746
2023-06-15,134376.70187636395,429.5293884277344,0.0299930872705541,9.38322791197115,-9.38322791197115,-4030.3721465070153,0.0131777459957902,0.012397879569209902,138214.39694563532,0.012805895311901067
2023-06-16,134102.24286660156,428.06622314453125,0.020066826397661,6.286425514662674,-6.286425514662674,-2691.006427141067,-0.002042459786034,-0.0034064381218685824,137941.54743696158,-0.001974103383608089
2023-06-20,133015.2532859104,425.8453674316406,0.0248771091759,7.770508337359738,-7.770508337359738,-3309.0349780535844,-0.0081056778578449,-0.0051881124760940756,136841.2411492177,-0.007976612617360258
2023-06-21,132655.29906991214,423.6634216308594,0.0330261684705606,10.340983034907357,-10.340983034907357,-4381.096255595519,-0.0027061123225059,-0.005123798372965727,136494.08957690847,-0.00253689289423115
2023-06-22,132396.08842009358,425.1927490234375,0.0379822034937788,11.826860132732728,-11.826860132732728,-5028.6951721523255,-0.0019540165499303,0.003609769724020717,136208.66357064544,-0.0020911235581537366
2023-06-23,131379.59586364496,421.978271484375,0.0326566754105107,10.167397488479434,-10.167397488479434,-4290.420817683127,-0.0076776630531809,-0.007560047875805442,135196.5273629677,-0.007430777023612801
2023-06-26,131539.3359209069,420.25421142578125,0.0294065266991653,9.20422660519072,-9.20422660519072,-3868.114993748621,0.0012158665598857,-0.004085660743926689,135377.15149878527,0.0013360116516357118
2023-06-27,133199.03400645385,424.861572265625,0.0530931736316756,16.645326152619663,-16.645326152619663,-7071.959440076117,0.0126175039118712,0.010963271073982872,137006.47360161055,0.012035429057169101
2023-06-28,133451.03288234334,425.0758972167969,0.0191799343802918,6.021470684234239,-6.021470684234239,-2559.5820536655087,0.0018918971730477,0.0005044583110422884,137264.35015868093,0.0018822216957443162
2023-06-29,134323.55864635386,426.75128173828125,0.0184797784891496,5.816665856392778,-5.816665856392778,-2482.269609658915,0.0065381716811422,0.00394137736920408,138151.81028960928,0.006465335900417161
2023-06-30,135730.5572396972,431.7872314453125,0.0074804280633726,2.351442088814121,-2.351442088814121,-1015.3226694330319,0.0104746971232922,0.01180066685803105,139586.71344106464,0.010386423083760872
2023-07-03,136178.04527257133,432.2839660644531,0.0034680376616093,1.0925008253005584,-1.0925008253005584,-472.2705896896136,0.0032968849607231,0.001150415257713755,140046.35787052615,0.0032928952772828587
2023-07-05,135877.61327209612,431.6411437988281,0.0023706055195917,0.7462500381147679,-0.7462500381147679,-322.1122200117775,-0.0022061706046218,-0.0014870370314155057,139737.88540087483,-0.0022026454264272893
2023-07-06,134604.32511220206,428.2611083984375,-0.0050912604332188,-1.6002052512933118,1.6002052512933118,685.305674583874,-0.009370845787115,-0.007830660837016779,138422.85216541716,-0.00941071372080046
2023-07-07,134648.76512552562,427.1798400878906,-0.012207728369344,-3.847923978766928,3.847923978766928,1643.7555499200162,0.0003301529374076,-0.002524787540457485,138464.28641852128,0.0002993310169233909
2023-07-10,135672.85422209484,428.2611083984375,-0.0261197742130439,-8.274728313231224,8.274728313231224,3543.744319120337,0.0076056330380342,0.0025311782277095407,139526.54937055954,0.007671746841834946
2023-07-11,137193.22610029546,430.98846435546875,-0.0150272469676963,-4.783507359036297,4.783507359036297,2061.6364909041376,0.011206161224498,0.006368441830337357,141103.45908935426,0.011301861372681887
2023-07-12,137465.91943739564,434.4561767578125,-0.0136255349030275,-4.311244225479456,4.311244225479456,1873.046683271001,0.0019876589016199,0.008045951780935923,141399.3938640751,0.002097289298439119
2023-07-13,138868.72548496787,437.9043884277344,-0.0243302203953546,-7.715626484590115,7.715626484590115,3378.7066970712644,0.0102047551372257,0.007936845772695822,142869.64501421686,0.010397860344119329
2023-07-14,138227.22374194488,437.6316833496094,-0.0227881199098672,-7.197693104233272,7.197693104233272,3149.9385494394824,-0.0046194831902047,-0.0006227502745613789,142207.63358355683,-0.004633674498135307
2023-07-17,138805.3325935704,439.1512145996094,-0.0265528037158313,-8.392714464943744,8.392714464943744,3685.6707510677556,0.0041823082022161,0.003472169195725572,142815.5006863124,0.0042745040293383565
2023-07-18,139845.2999320312,442.4143981933594,-0.044664752537926,-14.11833733387289,14.11833733387289,6246.155715056213,0.0074922722277958,0.007430660522538268,143932.9121343027,0.007824160841228308
2023-07-19,140482.024639102,443.3982238769531,-0.0456001061119442,-14.447498626294745,14.447498626294745,6405.99523036381,0.0045530647607053,0.002223765066442951,144602.843366386,0.004654468683703133
2023-07-20,140215.3733601309,440.4564514160156,-0.03720185940859,-11.842879335509432,11.842879335509432,5216.2726066665455,-0.0018981167139077,-0.006634605874636712,144292.67946571283,-0.00214493638888734
2023-07-21,140447.12714772404,440.4564514160156,-0.0615038539450268,-19.611563339172232,19.611563339172232,8638.039595092227,0.0016528414969012,0.0,144531.17239403282,0.0016528414969012
2023-07-24,140947.73637387,442.42413330078125,-0.0659876686538844,-21.022389660264857,21.022389660264857,9300.812525353984,0.0035643963412611,0.004467369880585936,145088.94531169988,0.003859187664695548
2023-07-25,141194.8641028177,443.63201904296875,-0.0645241736998408,-20.536123511890185,20.536123511890185,9110.481936895625,0.0017533288246089,0.0027301533783337106,145368.89293949987,0.0019294897154197115
2023-07-26,141495.03232997478,443.7001953125,-0.0638301598517743,-20.35529987876889,20.35529987876889,9031.650531854264,0.0021259146291502,0.00015367752237160914,145679.36075700907,0.0021357238899688043
2023-07-27,140410.98258795083,440.7584228515625,-0.0789321721061598,-25.145166305669505,25.145166305669505,11082.943843227142,-0.0076613978891915,-0.006630090525124976,144487.01520214716,-0.008184725335600085
2023-07-28,140837.641137759,445.0735778808594,-0.0491735215887308,-15.560309870489274,15.560309870489274,6925.4827869935125,0.0030386408665784,0.009790295104014746,144995.61876511274,0.0035200641542357147
2023-07-31,141434.67397382713,445.9210205078125,-0.0563876668576771,-17.884717049396446,17.884717049396446,7975.171278160336,0.0042391567427924,0.0019040506313316996,145625.84537072363,0.004346521715472082
2023-08-01,141414.16149763833,444.6449890136719,-0.0678568765829085,-21.58108950042768,21.58108950042768,9595.923303820735,-0.0001450314524187,-0.002861563899112629,145576.44788390698,-0.00033920824075489206
2023-08-02,140035.06077697309,438.45965576171875,-0.0250173308657969,-7.990024628795919,7.990024628795919,3503.3034482695134,-0.0097522108539904,-0.01391072294702711,144106.09373163566,-0.01010022001253861
2023-08-03,139538.50885479583,437.20306396484375,-0.0152257293205581,-4.859470897459817,4.859470897459817,2124.575565617421,-0.0035459114269111,-0.002865923421601857,143588.81810620803,-0.0035895472011818574
2023-08-04,138745.86028028617,435.2257080078125,-0.0204813713468684,-6.529268457621188,6.529268457621188,2841.7054872412596,-0.0056805005371992,-0.004522740392300273,142759.86083912128,-0.005773132462679383
2023-08-07,140169.1930254569,439.02459716796875,-0.0221456334904809,-7.070527700320654,7.070527700320654,3104.13557539824,0.0102585600917776,0.008728549555459653,144251.96682559958,0.010451859351136308
2023-08-08,139176.9275366472,437.1153869628906,-0.0168513812120348,-5.365456197127407,5.365456197127407,2345.323461839786,-0.0070790554428706,-0.004348754528547882,143220.22800700244,-0.007152337963228723
2023-08-09,138694.42921559254,434.1932067871094,-0.0066226548493445,-2.1154760596521176,2.1154760596521176,918.5253342217112,-0.0034667981941735,-0.006685145988762353,142717.37153065915,-0.0035110716086745528
2023-08-10,138734.8568827647,434.34906005859375,-0.0063968653430594,-2.04321427044862,2.04321427044862,887.4681978676634,0.0002914873178454,0.0003589491246021037,142759.29953487715,0.0002937834670604887
2023-08-11,138726.61438144793,434.0957946777344,0.0063496551034478,2.0291976236377423,-2.0291976236377423,-880.8661549911959,-5.941189908552289e-05,-0.0005830918128962859,142751.34649036507,-5.5709467179987355e-05
2023-08-14,138970.93366037193,436.4919738769531,-0.0296765138371918,-9.448450561663922,9.448450561663922,4124.172835739491,0.0017611565020408,0.005519931841306169,143026.13838361463,0.001924968835709678
2023-08-15,137294.94483042636,431.4073791503906,-0.04857594709582,-15.459244090216155,15.459244090216155,6669.2319766063165,-0.0120599954666884,-0.011648770265809794,141220.3124557973,-0.012625845514851738
2023-08-16,136464.77521029004,428.24163818359375,-0.0385804197912254,-12.294153218401126,12.294153218401126,5264.8683143282,-0.0060466146161585,-0.0073381706475013075,140326.42680953414,-0.006329724320238749
2023-08-17,135226.36166424202,424.97845458984375,-0.0181299766765537,-5.76888253168991,5.76888253168991,2451.6507830279234,-0.0090749685707512,-0.0076199586933931585,139033.58284656043,-0.00921311824413872
2023-08-18,135278.1064432585,425.1829833984375,-0.0092558857720917,-2.944893727156307,2.944893727156307,1252.1187007036629,0.0003826530447144,0.0004812686534689803,139087.40380485912,0.0003871076123965972
2023-08-21,135616.82783181322,427.9493713378906,0.0154542018971539,4.897424738380111,-4.897424738380111,-2095.849837964402,0.002503889191388,0.0065063467906023575,139421.67795824585,0.002403338794473132
2023-08-22,135141.6073358792,426.7902526855469,0.0140610434829171,4.452379137396023,-4.452379137396023,-1900.2320171011058,-0.0035041410681228,-0.0027085415471461705,138938.43459424257,-0.00346605614765309
2023-08-23,136541.50349254394,431.5437316894531,0.0155709037701927,4.926672444520165,-4.926672444520165,-2126.074611519832,0.0103587354350868,0.011137740316221612,140353.5657260377,0.010185310752405518
2023-08-24,135092.04775074418,425.5628967285156,0.013789049567402,4.377240020022708,-4.377240020022708,-1862.7909425968496,-0.0106154956897696,-0.013859163096919702,138890.46527826338,-0.010424391002863466
2023-08-25,136017.6800315887,428.56304931640625,0.0089399313634185,2.8373624969148072,-2.8373624969148072,-1215.988723693822,0.0068518635719579,0.007049845301256408,139833.3702077331,0.006788838438841949
2023-08-28,136883.65966748347,431.28070068359375,0.0132160956559159,4.194640606523475,-4.194640606523475,-1809.0675398972987,0.006366669654222,0.006341310506172704,140711.9240160136,0.006282862287988557
2023-08-29,138638.2674159992,437.5147705078125,-0.0101726827378014,-3.223486850751353,3.223486850751353,1410.3231097414296,0.0128182410725868,0.014454785049128116,142536.29421588103,0.012965285014934696
2023-08-30,139010.06689332027,439.3168640136719,-0.0024749512472905,-0.7831321003712982,0.7831321003712982,344.04313844355886,0.0026817954685298,0.004118931810616955,142920.00044094672,0.002691989623951991
2023-08-31,138864.12048595148,438.67388916015625,-0.0076520748737238,-2.4222974594331457,2.4222974594331457,1062.5986472323038,-0.0010498981162335,-0.0014635788110688441,142768.34838136556,-0.0010610975308793945
2023-09-01,139608.11611275366,439.4921569824219,-0.0063342814619471,-2.0121339773208815,2.0121339773208815,884.3171018303738,0.0053577239692917,0.0018653214665504958,143534.94865885118,0.005369539440477843
2023-09-05,138713.5732754316,437.59271240234375,-0.0091539844966585,-2.9017437065357368,2.9017437065357368,1269.7818992394036,-0.0064075274577845,-0.004321907797217195,142609.56590735994,-0.006447090134756214
2023-09-06,138615.49405679063,434.6510314941406,-0.0102920688031859,-3.2822657687384953,3.2822657687384953,1426.6402020200953,-0.0007070628801857,-0.006722417501090372,142498.8651657062,-0.0007762504636306631
2023-09-07,138663.10002360286,433.3165283203125,-0.0212056438745883,-6.785894664681085,6.785894664681085,2940.440317646939,0.0003434390010738,-0.0030702864531131357,142538.5271028397,0.00027833159995610995
2023-09-08,138669.33913449323,433.96917724609375,-0.0129664167902972,-4.143253810473459,4.143253810473459,1798.0444472529098,4.4994745460882425e-05,0.0015061713161765855,142547.72431442435,6.452439050401853e-05
2023-09-11,139350.12587586683,436.8232116699219,-0.0089734012873044,-2.8625873477286983,2.8625873477286983,1250.4445989205335,0.0049094251521115,0.006576583253998347,143255.96405465866,0.0049684394727489934
2023-09-12,139027.93474741903,434.4269714355469,-7.665825941656926e-05,-0.024532637678548734,0.024532637678548734,10.657639488017512,-0.0023120978644452,-0.005485606465861714,142924.68200452437,-0.002312518381488717
2023-09-13,138681.058545087,434.9335021972656,-0.0054790162824239,-1.7470159782901422,1.7470159782901422,759.8357778323137,-0.0024950108261498,0.0011659744790819548,142568.9964346594,-0.002488622432994019
2023-09-14,139976.5769982172,438.6836242675781,-0.0133470017371794,-4.258804097095879,4.258804097095879,1868.2676163596311,0.0093417115986971,0.008622288352971408,143917.24196440616,0.009456793296322671
2023-09-15,138537.18411413665,433.39825439453125,-0.0348703158702172,-11.146411691434212,11.146411691434212,4830.835369830382,-0.0102830981793396,-0.012048249765126973,142376.8634208126,-0.010703224454332848
2023-09-18,138767.6452964534,433.6524353027344,-0.0416626473975062,-13.331938219445977,13.331938219445977,5781.427476168348,0.0016635330347618,0.0005864834609410341,142617.19093736718,0.0016879674883994555
2023-09-19,138415.43741904077,432.7531433105469,-0.0277453135765012,-8.874296523050276,8.874296523050276,3840.379715019864,-0.0025381123723776,-0.0020737621167968845,142247.0066895188,-0.0025956495525911987
2023-09-20,137736.46914077643,428.7746887207031,-0.028078693433514,-9.019795695397784,9.019795695397784,3867.4600916185227,-0.0049052930144548,-0.009193358041050148,141512.52415714032,-0.005163430496513978
2023-09-21,135390.68510410638,421.6876525878906,-0.0440937843613494,-14.157131793825876,14.157131793825876,5969.8876735158265,-0.017030958113733,-0.01652857857341683,138999.29488546343,-0.01775976569314886
2023-09-22,135119.79294404847,420.7395324707031,-0.0450777966749949,-14.476658557211637,14.476658557211637,6090.902553099228,-0.0020008182974302,-0.0022483943064703915,138707.09460445843,-0.0021021709588224884
2023-09-25,135420.55380089625,422.5088195800781,-0.0475199181403644,-15.230862251673647,15.230862251673647,6435.173631141403,0.0022258830501046,0.004205183903174481,139043.55821326736,0.0024257130449486294
2023-09-26,133394.13559998333,416.3016052246094,-0.0397914354282794,-12.750237007551437,12.750237007551437,5307.944133237883,-0.0149638894838096,-0.01469132493290426,136881.6424529482,-0.01554847839123313
2023-09-27,133547.22120634175,416.4678039550781,-0.0487984242280218,-15.64801382726688,15.64801382726688,6516.8939549005345,0.001147618714045,0.0003992267346148992,137041.3970657094,0.0011671003496039056
2023-09-28,134502.86956816574,418.88226318359375,-0.0521494056855275,-16.745146136454007,16.745146136454007,7014.244710977866,0.0071558835383585,0.005797469109463327,138063.48169469935,0.007458218106897217
2023-09-29,133884.43710996865,417.8656921386719,-0.0292223274660713,-9.362852556317948,9.362852556317948,3912.414863838133,-0.0045979127447808,-0.002426865814741608,137418.88657446674,-0.004668831412335393
2023-10-02,132937.75517361562,417.6994934082031,-0.0170785150784194,-5.4354374186541285,5.4354374186541285,2270.379456223821,-0.0070708885721756,-0.00039773241401597215,136446.2794973971,-0.007077681251205548
2023-10-03,131079.39969804403,412.1081237792969,-0.025586409235454,-8.138279663731996,8.138279663731996,3353.8511630118,-0.013979139885013,-0.013386105841986295,134492.14469375112,-0.014321642267155163
2023-10-04,132029.26354625728,415.10906982421875,-0.0215151093457476,-6.8430787196221425,6.8430787196221425,2840.6240420362533,0.0072464769475703,0.007281938578160618,135487.81003348943,0.007403148652328444
2023-10-05,132028.16606729903,414.9526672363281,-0.0246796317347628,-7.852477582223335,7.852477582223335,3258.406517157046,-8.312391728633886e-06,-0.0003767746822704865,135485.4239506034,-1.7611052134051756e-05
2023-10-06,133475.2023468311,419.87933349609375,-0.0247675848659453,-7.873353456333224,7.873353456333224,3305.8584016243603,0.0109600574077083,0.011872839118201695,137010.1930288413,0.011254118958168075
2023-10-09,134394.60808952438,422.5674743652344,-0.0238754960427774,-7.593433305372377,7.593433305372377,3208.737933612059,0.0068882138893802,0.006402174755204104,137974.8912499362,0.007041068987413245
2023-10-10,135357.22032155178,424.766845703125,-0.0204481095030989,-6.516043545226749,6.516043545226749,2767.799263170174,0.0071625807442078,0.0052047814167297535,138977.83193268275,0.007269008684556785
2023-10-11,135715.94591110584,426.5068359375,-0.0349730343678113,-11.128540132718197,11.128540132718197,4746.398440609124,0.0026502139206307,0.004096341915515556,139366.0630911156,0.0027934754272243316
2023-10-12,134409.5164275621,423.9066467285156,-0.0418722119785483,-13.276564090757063,13.276564090757063,5628.0237637890505,-0.0096262047526784,-0.006096477218867857,137988.92044109345,-0.009881477739109225
2023-10-13,133952.26416864435,421.79522705078125,-0.0447462966757712,-14.21037358528435,14.21037358528435,5993.867752881437,-0.0034019336656431,-0.004980860040834867,137488.7370008462,-0.003624808706730791
2023-10-16,135476.29599036637,426.2331237792969,-0.0484003055609038,-15.383821097837615,15.383821097837615,6557.094122193179,0.0113774248698272,0.010521448427820435,139123.01972227806,0.011886666188677
2023-10-17,136020.72447093553,426.2135925292969,-0.0574850584332536,-18.3456356892413,18.3456356892413,7819.159294345217,0.0040186253734593,-4.582292860488835e-05,139681.7365507276,0.0040159912397308645
2023-10-18,134187.1813951578,420.53424072265625,-0.0609703164879442,-19.454860332487485,19.454860332487485,8181.434918287948,-0.013479880238173,-0.013325130653242256,137685.36079905956,-0.014292317671344387
2023-10-19,132549.89046904427,416.8392333984375,-0.032522013366817,-10.341611259715329,10.341611259715329,4310.789309604387,-0.0122015449545214,-0.008786460093877624,135966.04262348163,-0.012487298327141492
2023-10-20,131024.99270234004,411.7171325683594,-0.0183997598300504,-5.855545486820085,5.855545486820085,2410.828397457163,-0.0115043306434141,-0.012287952811731007,134371.10301871723,-0.011730426023952942
2023-10-23,130428.5226871882,411.0035095214844,-0.0101294686928154,-3.2145020823501613,3.2145020823501613,1321.171637210036,-0.0045523377093932,-0.0017332847978011046,133757.04119179363,-0.0045698949634882585
2023-10-24,131613.77704193903,414.10223388671875,-0.008296077029819,-2.6367354319176224,2.6367354319176224,1091.8780325253497,0.0090873861815752,0.007539410962310589,134980.90925270374,0.009149933715677992
2023-10-25,129542.47105892508,408.158935546875,-0.0054722325098889,-1.7367904014895188,1.7367904014895188,708.8865215399917,-0.0157377595990875,-0.014352248921867927,132846.01090795975,-0.01581629844222776
2023-10-26,128843.4776005072,403.27142333984375,-0.0179359122495547,-5.730446479523315,5.730446479523315,2310.925308170164,-0.0053958632462705,-0.0119745319319855,132100.6601106879,-0.005610637400232083
2023-10-27,127617.47151318504,401.4435119628906,-0.0268772347435101,-8.544177790946978,8.544177790946978,3430.0047392330875,-0.0095154687699713,-0.004532707430183303,130827.56702513437,-0.009637295411595989
2023-10-30,128959.811556982,406.24310302734375,-0.0307529419957635,-9.762365379356407,9.762365379356407,3965.8936045964583,0.0105184660680121,0.011955831695934283,132251.77463683413,0.010886143066668278
2023-10-31,130299.1218429437,408.79437255859375,-0.0261440704911344,-8.333161254333458,8.333161254333458,3406.54942639483,0.0103854857555364,0.0062801546961359644,133646.98781958,0.010549674562607409
2023-11-01,131566.63823333284,413.1540222167969,-0.0119307370782951,-3.7992779559904424,3.7992779559904424,1569.6869690370618,0.0097277431533033,0.010664651841747697,134964.0762530941,0.009854980310458747
2023-11-02,134103.51031093785,421.0718994140625,0.0045294638150006,1.4425493562101785,-1.4425493562101785,-607.4169974179529,0.0192820316128003,0.019164468385862277,137554.7423129293,0.019195226846712817
2023-11-03,136162.43593468325,424.9134521484375,0.0044556830858926,1.4278123219223522,-1.4278123219223522,-606.6966627281029,0.0153532567415386,0.009123270253181603,139661.0639322476,0.015312606340583472
2023-11-06,135862.58337855394,425.8909912109375,0.0057349186946262,1.8294842703821668,-1.8294842703821668,-779.1608693178798,-0.0022021679773203,0.0023005604024946003,139351.66418757918,-0.0022153615041806828
2023-11-07,136096.9533751968,427.10308837890625,0.0075564865095449,2.4078842325239136,-2.4078842325239136,-1028.414792169836,0.00172505181938,0.0028460267838077424,139589.0561376859,0.0017035458563823534
2023-11-08,136121.2601459269,427.41595458984375,0.0347375262789465,11.063030756491111,-11.063030756491111,-4728.515851442449,0.0001785989335344,0.0007325309028436422,139610.4345676424,0.0001531526220467286
2023-11-09,135004.56324640964,424.08258056640625,0.0183977616381873,5.856835174313641,-5.856835174313641,-2483.7817746750266,-0.0082036920486933,-0.0077988993804319895,138485.14518078195,-0.008060209756851905
2023-11-10,136818.46741015947,430.7003173828125,0.011083507370988,3.5208436837067874,-3.5208436837067874,-1516.428492027784,0.0134358729818569,0.015604830567592654,140321.86212927414,0.013262916727237967
2023-11-13,136901.8459215281,430.2898254394531,0.0116155975993094,3.6956410744852404,-3.6956410744852404,-1590.196752827127,0.0006094097744761,-0.0009530801970468739,140408.92909028084,0.0006204803705248669
2023-11-14,139683.58767440607,438.63775634765625,-0.0036097195713092,-1.1495102118371991,1.1495102118371991,504.2185802189881,0.020319242112137,0.019400716481449365,143271.7651133822,0.020389273258117506
2023-11-15,139996.0620330673,439.56634521484375,-0.0002568238440215,-0.0817949945226848,0.0817949945226848,35.954326799204715,0.0022370155568282,0.0021169834419167977,143592.34417648255,0.002237559248653483
2023-11-16,139993.9428772043,440.1039733886719,0.0037928964409267,1.2064933738312649,-1.2064933738312649,-530.982527690244,-1.5137253378639804e-05,0.0012230876628314125,143589.50445146172,-1.9776298221934423e-05
2023-11-17,140509.86475185788,440.6513671875,0.0134838367707094,4.299571548094928,-4.299571548094928,-1894.6120809885058,0.003685315693309,0.001243782905692381,144116.2689709602,0.003668544727630445
2023-11-20,141319.28836879716,444.0433654785156,0.018888814758777,6.011471102521296,-6.011471102521296,-2669.353859840399,0.0057606177215296,0.007697691516686644,144925.5131596608,0.005615217452400696
2023-11-21,141285.91662655695,443.0755920410156,0.0084536676810796,2.6956668537658173,-2.6956668537658173,-1194.3841871776315,-0.0002361442845164,-0.0021794570367177357,144893.95999447125,-0.00021771987900279778
2023-11-22,141953.19776411288,444.7862854003906,0.0119967402571012,3.8287503417691604,-3.8287503417691604,-1702.975642240981,0.004722913319943,0.0038609514721736904,145571.5702891239,0.00467659448798606
2023-11-24,142473.45636564077,445.0599365234375,0.0072190168870033,2.310965789209214,-2.310965789209214,-1028.5182874532884,0.0036650009279283,0.0006152418184399711,146104.44368176156,0.003660559486851391
2023-11-27,142177.30067594722,444.2583923339844,0.0088729471409075,2.8396349856373635,-2.8396349856373635,-1261.5316735345918,-0.0020786727384046,-0.0018009803257384993,145803.07510720278,-0.002062692735172508
2023-11-28,142252.52826439936,444.6982421875,0.0069527884937816,2.2240963599560164,-2.2240963599560164,-989.0517417280578,0.0005291111034918,0.000990076633566428,145879.21745491537,0.0005222273100659772
2023-11-29,142609.88526236854,444.3854675292969,0.0105707581595197,3.39231302195085,-3.39231302195085,-1507.4946082653505,0.0025121310835683,-0.0007033413414556655,146246.76976180897,0.00251956593479242
2023-11-30,143590.8632823038,446.13519287109375,0.00635966567924,2.0468904934221754,-2.0468904934221754,-913.1898850689105,0.0068787519051046,0.003937404504978703,147249.1029045272,0.006853711328809003
2023-12-01,144921.07715280153,448.7745056152344,0.0059527255751712,1.9222914661031836,-1.9222914661031836,-862.6754023488403,0.0092639172165327,0.005915948318614861,148608.02087715326,0.00922870119967509
2023-12-04,144625.87695040274,446.4187316894531,-0.00071737358521,-0.23240687833463036,0.23240687833463036,103.75078386205072,-0.0020369721796059,-0.005249348829545641,148304.750853169,-0.0020407379237957694
2023-12-05,143745.7110844692,446.3306884765625,-0.014978217516445,-4.823899819723686,4.823899819723686,2153.0545276792386,-0.0060858117820464,-0.0001972211438293625,147401.7579577166,-0.0060887658032375185
2023-12-06,143260.23787274043,444.53216552734375,-0.0169192158748572,-5.452588313776799,5.452588313776799,2423.850890852288,-0.0033773057162274,-0.004029574922032708,146893.8877117776,-0.0034454829642171824
2023-12-07,144220.4129114337,447.9240417480469,-0.0134479388536828,-4.329902201089661,4.329902201089661,1939.4672942858454,0.0067023135864552,0.007630215502357096,147893.4894916152,0.006804924257971321
2023-12-08,144756.74906865344,449.8497619628906,-0.0059524795036779,-1.915443009440306,1.915443009440306,861.6615818502046,0.0037188643853704,0.00429921155231705,148447.27006016643,0.0037444553540175425
2023-12-11,146197.14814372337,451.5994567871094,0.0207208902229055,6.708013067907691,-6.708013067907691,-3029.3350575879444,0.0099504795758209,0.0038895092810187215,149912.42761562555,0.009869885480987939
2023-12-12,146858.50343721663,453.6620178222656,0.0158861039660428,5.142615784985325,-5.142615784985325,-2333.009453901077,0.004523722260595,0.004567235421030658,150579.7128189247,0.004451166683859114
2023-12-13,149006.43840184156,459.9180908203125,0.0043336254438763,1.404028468651592,-1.404028468651592,-645.7380927596072,0.014625880792413,0.013790162615063384,152773.07489398308,0.014566119392829171
2023-12-14,149770.47097336888,461.3941345214844,-0.0030321564936115,-0.9842507135122827,0.9842507135122827,454.1275061131531,0.0051275138156572,0.003209362124762638,153557.90762498445,0.005137245103864149
2023-12-15,149342.30218221448,460.63446044921875,-0.0206128781243385,-6.682901384946393,6.682901384946393,3078.3746736901185,-0.0028588331756702,-0.0016464753568085078,153113.69964451095,-0.0028927717715348206
2023-12-18,149771.28456585883,463.2255859375,-0.0168256619998299,-5.44011619367996,5.44011619367996,2520.0010113854814,0.002872477371622,0.005625122978759167,153568.00694523528,0.002967123789570078
2023-12-19,150762.0549552679,466.0423583984375,-0.0196630171581727,-6.360874328192283,6.360874328192283,2964.436873386808,0.0066152226194827,0.006080779098668998,154602.2550819442,0.006734789083234887
2023-12-20,148431.65572687896,459.58428955078125,-0.0571621638888872,-18.461628963105,18.461628963105,8484.674630958738,-0.0154574652692307,-0.013857257245563526,152090.03397601258,-0.016249576078952072
2023-12-21,150101.295162666,463.9420166015625,-0.0755875574193724,-24.45519021954428,24.45519021954428,11345.790266830181,0.0112485401285238,0.009481888632530744,153909.82970066473,0.011965252929979313
2023-12-22,150606.41970156116,464.8744201660156,-0.0719918753247526,-23.323371043711354,23.323371043711354,10842.438590262154,0.00336522438629,0.002009741586423086,154450.0392666891,0.0035099094520147415
2023-12-26,151261.9769584037,466.8373718261719,-0.0977160874571204,-31.661408150733813,31.661408150733813,14780.72856940431,0.004352784284638,0.00422254177688508,155186.05464147087,0.004765394546199447
2023-12-27,151569.5934693999,467.68145751953125,-0.1202243348078361,-38.96317302935138,38.96317302935138,18222.353551952743,0.0020336671328893,0.001808093662376331,155535.38527721493,0.0022510439907187586
2023-12-28,151749.23730734692,467.85809326171875,-0.1079866784940834,-35.02535562992612,35.02535562992612,16386.89610083084,0.0011852234596334,0.00037768386868353154,155726.0729483517,0.0012260082861333301
2023-12-29,151299.96756250752,466.503662109375,-0.1162307820281556,-37.69683922974592,37.69683922974592,17585.713550624823,-0.0029606062792229,-0.0028949614676988533,155212.63008380047,-0.003297089914554915
2024-01-02,150532.35904106082,463.8929443359375,-0.1119636207562066,-36.33197737753301,36.33197737753301,16854.14795921046,-0.0050734215863567,-0.0055963500085566276,154327.91666493565,-0.005700009196333728
2024-01-03,148860.47894394622,460.1044921875,-0.1116165175978952,-36.11198879776876,36.11198879776876,16615.288267678083,-0.0111064498541378,-0.008166651799071167,152473.20637239082,-0.012017983088384709
2024-01-04,148744.5286847892,458.6224365234375,-0.1109029964285298,-35.96905127132719,35.96905127132719,16496.213933492523,-0.0007789190252481,-0.0032211284376213456,152299.9736613382,-0.0011361518208614558
2024-01-05,149108.1059687133,459.2506103515625,-0.1046675503373889,-33.983145227059836,33.983145227059836,15606.780187193017,0.0024443069411618,0.0013696971148791093,152694.07570111513,0.0025876697828803854
2024-01-08,150825.63355087058,465.80682373046875,-0.0896815775603146,-29.038391161918103,29.038391161918103,13526.280753375988,0.011518673455068,0.014275894753601692,154648.4007960973,0.012798958217656019
2024-01-09,150114.84079548967,465.10015869140625,-0.0819499791407473,-26.45001908087778,26.45001908087778,12301.908071906979,-0.004712678731372,-0.0015170774730243197,153900.36598678184,-0.004837003198641241
2024-01-10,150285.47090544543,467.7304992675781,-0.0766637196319418,-24.63265325714468,24.63265325714468,11521.443206249414,0.0011366638305151,0.005655428249202288,154142.02495788207,0.0015702299962105078
2024-01-11,149902.82333038395,467.5243835449219,-0.0724378474873162,-23.225821446981513,23.225821446981513,10858.637854324457,-0.0025461381779362,-0.00044067197452168916,153744.63764497745,-0.0025780595072185364
2024-01-12,149868.0436973878,467.8482666015625,-0.0723464433079205,-23.175077692990236,23.175077692990236,10842.41992702202,-0.0002320145293026,0.0006927618495207177,153716.6721605767,-0.00018189567343035923
2024-01-16,149390.34784579283,466.13067626953125,-0.067674312908652,-21.68895904161154,21.68895904161154,10109.88914564855,-0.0031874430319483,-0.0036712550941093713,153188.51816914632,-0.0034358926979545404
2024-01-17,148567.08105400423,463.5396423339844,-0.1058024557366486,-33.910286373767924,33.910286373767924,15718.762017139368,-0.0055108432616971,-0.005558599910829853,152254.22801722374,-0.0060989567827204145
2024-01-18,149289.88417060627,467.66180419921875,-0.1161789574937969,-37.08736302937888,37.08736302937888,17344.343107310728,0.0048651633422029,0.008892792522509518,153152.27197850836,0.005898318706676689
2024-01-19,151103.41930305175,473.49176025390625,-0.1139743491160152,-36.372151133178185,36.372151133178185,17221.91386426965,0.012147742913197,0.012466179624547769,155230.3289372915,0.013568567621868163
2024-01-22,151633.07253653175,474.4928283691406,-0.1058730425436137,-33.83371418880474,33.83371418880474,16053.854739679085,0.0035052365851346,0.002114224996645264,155809.19463422126,0.003729076018151196
2024-01-23,151611.70620847205,475.8766784667969,-0.1178436092459802,-37.54432917601807,37.54432917601807,17866.47066354753,-0.0001409080994156,0.002916482641924567,155840.78973822802,0.0002027807414120427
2024-01-24,150930.5191759407,476.3969421386719,-0.1107474799284261,-35.08665393187786,35.08665393187786,16715.17464302442,-0.004492971219483,0.001093274151511725,155159.47034607045,-0.004371893862332187
2024-01-25,152054.73124342682,478.98797607421875,-0.1039191660415063,-32.989138877744764,32.989138877744764,15801.40086348229,0.0074485403854975,0.0054388131122653505,156402.87758233122,0.008013737308379724
2024-01-26,152338.87915770055,478.3795166015625,-0.0974782630280122,-31.041733219307318,31.041733219307318,14849.7293319269,0.0018687212949581,-0.0012703021851261376,156675.7840945177,0.0017448944444313158
2024-01-29,153495.3802974808,482.16796875,-0.1042114340513564,-33.175106472807954,33.175106472807954,15995.973701058789,0.0075916348221457,0.00791934440536024,157994.51180115694,0.008416921059374877
2024-01-30,153688.08118038572,481.7950439453125,-0.1140331879538546,-36.37551292349839,36.37551292349839,17525.54184751019,0.0012554181274478,-0.0007734333859926723,158178.92632155385,0.0011672210527731114
2024-01-31,151939.6279751232,473.9334411621094,-0.1057166638273374,-33.89199659199106,33.89199659199106,16062.550572696806,-0.0113766350118612,-0.016317317668580023,156106.52180303226,-0.013101647398394348
2024-02-01,153659.4930416917,480.1363220214844,-0.1147297577591271,-36.71731465730417,36.71731465730417,17629.316414063564,0.0113193976416085,0.01308808436088671,158107.962018864,0.012820990389864053
2024-02-02,153859.35517301637,485.1909484863281,-0.1185524876248362,-37.59429015940986,37.59429015940986,18240.4093001143,0.0013006819648327,0.010527481952547602,158510.9382860227,0.002548741138732786
2024-02-05,152342.2305533317,483.4242248535156,-0.1103044236279808,-34.760405191688676,34.760405191688676,16804.02193538622,-0.0098604639151037,-0.0036412955318400053,156884.2808212541,-0.010262114920002454
2024-02-06,152774.9112932973,484.8277587890625,-0.1097601272613395,-34.58670301340522,34.58670301340522,16768.593705892166,0.0028401890821346,0.0029033173419725777,157379.85591825304,0.003158857563069564
2024-02-07,153649.35351807164,488.8714294433594,-0.1035588249956446,-32.54791659596349,32.54791659596349,15911.746511671912,0.0057237292260347,0.008340427256881,158416.58849108565,0.006587454072718943
2024-02-08,153916.72029720544,489.08734130859375,-0.1096074030641074,-34.493659056443974,34.493659056443974,16870.411999921278,0.001740110016814,0.0004416536787192893,158699.91949499672,0.001788518529592131
2024-02-09,154611.76670898154,491.91400146484375,-0.1098494540653992,-34.52639712326282,34.52639712326282,16984.018165068483,0.0045157303926047,0.005779458835894369,159517.3194258033,0.005150600790521144
2024-02-12,155033.646582644,491.69805908203125,-0.0959599749410139,-30.256423767177306,30.256423767177306,14877.024841084522,0.0027286401458471,-0.00043898401381026186,159945.86513722056,0.0026865152508823618
2024-02-13,152723.3043322811,484.9259338378906,-0.1127899161248067,-35.52222614618875,35.52222614618875,17225.648685941313,-0.0149021989825369,-0.013772934668043524,157313.85242085374,-0.016455647128537972
2024-02-14,154325.82777795423,489.332763671875,-0.1175644074019223,-37.077477406954,37.077477406954,18143.224489526307,0.0104929856820443,0.009087634887057883,159132.6157746974,0.011561368092226295
2024-02-15,155766.75147534814,492.7090148925781,-0.1373929674598853,-43.43589333645643,43.43589333645643,21401.256216784546,0.0093368927167985,0.0068997039874629795,160769.27300987573,0.010284863522230842
2024-02-16,154821.99806837508,490.2553405761719,-0.1310405104278343,-41.38242253209043,41.38242253209043,20287.953652337044,-0.0060651801364847,-0.004979966353855336,159689.26402526244,-0.006717757469407344
2024-02-20,154168.14566598076,487.5562438964844,-0.1376831577392231,-43.53622250523251,43.53622250523251,21226.357118092754,-0.0042232525774894,-0.005505491641387139,158893.8093155712,-0.00498126605158248
2024-02-21,154274.5623523278,487.9978942871094,-0.1377376541078437,-43.54407376688798,43.54407376688798,21249.416306923893,0.000690263775875,0.0009058450099939108,159023.31297274982,0.0008150327425368575
2024-02-22,156441.57507476507,498.0972900390625,-0.1419237172900186,-44.57516697506016,44.57516697506016,22202.769873316178,0.0140464681240729,0.020695572399358042,161724.11096214777,0.016983660690434502
2024-02-23,156963.0787406465,498.4407653808594,-0.1439684968969534,-45.33685862821042,45.33685862821042,22597.73851460902,0.0033335362778863,0.0006895748052955231,162279.27964541077,0.003432813326102706
2024-02-26,156611.00954320547,496.615234375,-0.1427847437397395,-45.028145164719085,45.028145164719085,22361.66286444849,-0.002243006446266,-0.003662483353392032,161830.42275366405,-0.002765953193331143
2024-02-27,157366.85239996796,497.5378112792969,-0.1423701602814851,-45.03043485593378,45.03043485593378,22404.34399917625,0.004826243435676,0.0018577297683144423,162654.257534635,0.005090728720550613
2024-02-28,158081.6732818511,496.88018798828125,-0.1384103140588933,-44.035030123624914,44.035030123624914,21880.134045896375,0.0045423853307198,-0.0013217554045283908,163363.33913310384,0.004359440750069986
2024-02-29,158813.89613573186,498.66650390625,-0.132752719520123,-42.278710209034585,42.278710209034585,21082.976609604757,0.0046319275263188,0.0035950636816513004,164197.99216599078,0.005109182006906036
2024-03-01,160154.70868505278,503.3481140136719,-0.1324547367290294,-42.144291761897556,42.144291761897556,21213.249774793065,0.0084426651693939,0.009388258627256896,165788.44421168964,0.009686184494211252
2024-03-04,160459.43959011274,502.8083190917969,-0.1235590270817629,-39.43095507578426,39.43095507578426,19826.21224183924,0.0019027283528657,-0.0010724087502199664,166081.92665765318,0.0017702225710545516
2024-03-05,159339.40402202084,497.7831726074219,-0.1192036845638779,-38.15686246713852,38.15686246713852,18993.84405563727,-0.0069801787352179,-0.009994159391498836,164724.78497882283,-0.008171519358803244
2024-03-06,160631.0844433855,500.3055725097656,-0.1199347818404294,-38.50697479315601,38.50697479315601,19265.254069509032,0.0081064720261294,0.005067266314229268,166160.2319248671,0.008714213506053845
2024-03-07,161515.11609641596,505.2718505859375,-0.1203846187615038,-38.48212730026211,38.48212730026211,19443.93567548706,0.0055034905360553,0.009926489627646307,167273.254112482,0.006698487205519522
2024-03-08,161071.89309498033,502.2390441894531,-0.1294933716013134,-41.52951218823883,41.52951218823883,20857.742507075316,-0.0027441580215381,-0.006002326060649099,166684.21482021545,-0.0035214194605819814
2024-03-11,161259.46270857705,501.80718994140625,-0.1284240396773143,-41.27001775252931,41.27001775252931,20709.591637228685,0.0011645086550645,-0.0008598579760835667,166859.91368744997,0.0010540822202270888
2024-03-12,161942.44184310586,507.2053527832031,-0.1209020361195784,-38.602058999516736,38.602058999516736,19579.170953007906,0.0042352809754988,0.010757444193709498,167783.62979301822,0.0055358778819610144
2024-03-13,162050.22950416896,506.4103088378906,-0.1194186966781173,-38.21373077531969,38.21373077531969,19351.827203777648,0.000665592415653,-0.0015674991222979218,167863.89810456298,0.00047840371342408936
2024-03-14,161103.09841652014,505.40924072265625,-0.1180851652538749,-37.64055831710728,37.64055831710728,19023.885999426053,-0.0058446760029084,-0.0019767925292272226,166843.60355922693,-0.006078105875394822
2024-03-15,160629.40551411355,501.9387512207031,-0.1018465568929537,-32.59272540242899,32.59272540242899,16359.551887374495,-0.0029403090757564,-0.006866691825798132,166236.3499035414,-0.00363965799545893
2024-03-18,161326.81258651515,504.921875,-0.0945924319114583,-30.223082600813303,30.223082600813303,15260.295535082529,0.0043417148321596,0.005943202775322565,167051.55581386495,0.00490389683602029
2024-03-19,161910.7625521435,507.72784423828125,-0.0670589281129901,-21.384610495397705,21.384610495397705,10857.5621867036,0.0036196708796635,0.005557234449945936,167718.4812637253,0.003992333065149457
2024-03-20,163571.5355594821,512.4239501953125,-0.0430541327507938,-13.743367388555665,13.743367388555665,7042.43060622913,0.0102573354677624,0.009249258259760307,169505.6146413572,0.010655554260724495
2024-03-21,164391.21885617948,514.1172485351562,-0.0467418632595599,-14.945913397656575,14.945913397656575,7683.951872847927,0.005011160981608,0.003304487113060084,170381.21604230755,0.005165618866389633
2024-03-22,163465.21234021083,513.1427612304688,-0.0621472691943295,-19.797446875904818,19.797446875904818,10158.916555215315,-0.0056329439152026,-0.0018954573250830054,169401.39772741497,-0.005750741411830897
2024-03-25,163613.33275325652,511.72491455078125,-0.0660117530068246,-21.10587662086481,21.10587662086481,10800.402910331375,0.000906128043546,-0.0027630647586017743,169523.99915919683,0.0007237332951593183
2024-03-26,163487.90775488326,510.77978515625,-0.0674129004046247,-21.577193074445926,21.577193074445926,11021.194042840416,-0.000766593994894,-0.0018469481701138823,169372.93596280942,-0.000891102127938391
2024-03-27,165183.5844884503,515.0723876953125,-0.0726710133665698,-23.305575610469337,23.305575610469337,12004.058476298082,0.0103718786107983,0.008404018059855911,171233.09237517518,0.010982607119558983
2024-03-28,165706.4997860514,514.9739379882812,-0.0726221441990729,-23.368097751113986,23.368097751113986,12033.961322186267,0.0031656614016488,-0.00019113761363087622,171772.7815100872,0.0031517805783098317
2024-04-01,164783.77334218283,514.077880859375,-0.0565581776510806,-18.129295722902363,18.129295722902363,9319.869926702577,-0.0055684384442367,-0.0017400048095767007,170799.37093257063,-0.005666849945370474
2024-04-02,163509.29055316324,510.8094177246094,-0.0701001715825798,-22.438954579537757,22.438954579537757,11462.029323122639,-0.0077342736069835,-0.006357914348117388,169402.23814279694,-0.008179964493693875
2024-04-03,163705.34554705984,511.3705139160156,-0.0713449333694425,-22.839695783075054,22.839695783075054,11679.546970276546,0.0011990449792385,0.001098445275158788,169618.634846055,0.0012774134842046827
2024-04-04,161475.26278885626,505.1286315917969,-0.0923360679747821,-29.51721583100966,29.51721583100966,14909.990841117633,-0.0136225408568746,-0.012206183489969269,167116.82582034313,-0.014749611845317066
2024-04-05,163162.47705612044,510.4056396484375,-0.0766320244099023,-24.497125331838056,24.497125331838056,12503.470924544745,0.0104487476169671,0.010446859921622975,168996.77507453237,0.011249311641487743
2024-04-08,163495.0657448368,510.6912536621094,-0.076758264735091,-24.573746758597373,24.573746758597373,12549.59753932329,0.0020383895532668,0.0005595824016924045,169348.51518188926,0.0020813421273970035
2024-04-09,163527.85269275086,511.2819519042969,-0.0754737524211966,-24.139441304614653,24.139441304614653,12342.060668102586,0.000200537843541,0.0011566641056639515,169397.25971741087,0.00028783562388636587
2024-04-10,161565.4175545666,506.1623840332031,-0.0797367472655076,-25.451715245496406,25.451715245496406,12882.700866394682,-0.0120006170561746,-0.010013198885713948,167229.13792851055,-0.012799036965044034
2024-04-11,161978.10924942914,509.98236083984375,-0.0732915896427485,-23.278517113154912,23.278517113154912,11871.633114217446,0.0025543318682239,0.007546939336349423,167748.7956264434,0.0031074590491223385
2024-04-12,159203.02696038372,502.9430236816406,-0.076515296687409,-24.220371429424812,24.220371429424812,12181.466841407335,-0.0171324526623043,-0.013803099280945141,164697.67973150752,-0.018188600898991582
2024-04-15,157506.88292818068,496.6421203613281,-0.0774315373482257,-24.556918529549872,24.556918529549872,12196.000088056036,-0.0106539684865734,-0.012528065851651893,162783.2279920554,-0.011624035885466615
2024-04-16,156913.4345978298,495.736328125,-0.0948206996759022,-30.01321632689281,30.01321632689281,14878.64165711514,-0.0037677612515607,-0.0018238328953434912,162141.7483920176,-0.003940698362789096
2024-04-17,156358.52446824824,492.80242919921875,-0.0991966090451021,-31.47353686496487,31.47353686496487,15510.235422545851,-0.003536409301114,-0.005918264931032979,161473.1599547803,-0.004123481113703017
2024-04-18,156552.9951904038,491.7884216308594,-0.0973988793884285,-31.005378788467517,31.005378788467517,15248.086296447367,0.001243748767884,-0.002057635085133569,161641.63094430574,0.0010433374164016767
2024-04-19,156780.1134513698,487.4958801269531,-0.0938773879894817,-30.19124497149869,30.19124497149869,14718.107539509201,0.0014507436327857,-0.008728431404853798,161743.68198030628,0.0006313412912526632
2024-04-22,158054.35906625603,491.98529052734375,-0.0933486037235564,-29.98901393056306,29.98901393056306,14754.153731256627,0.0081275972241305,0.00920912480167324,163197.31388347634,0.00898725616588267
2024-04-23,159660.44068003292,497.823486328125,-0.0774111902913077,-24.827082479852482,24.827082479852482,12359.504755476073,0.0101615774678103,0.011866606407121338,165005.5704098298,0.011080185594504022
2024-04-24,159655.81555595942,497.58721923828125,-0.0640039091942457,-20.53629178181012,20.53629178181012,10218.596321176867,-2.89685037432288e-05,-0.00047460012701772136,164995.77819267102,-5.9344767176448514e-05
2024-04-25,159558.40869806072,495.6969299316406,-0.0641275631973199,-20.641830359650903,20.641830359650903,10232.091937448686,-0.000610105291558,-0.003798910489570706,164854.91796984334,-0.0008537201640589068
2024-04-26,160050.4657101215,500.39312744140625,-0.0857909192097834,-27.44017817237721,27.44017817237721,13730.876573225243,0.0030838676323971,0.009473928979978341,165497.2990135577,0.0038966447081176477
2024-04-29,160560.00054427414,502.1652526855469,-0.0710850449292934,-22.72840422848635,22.72840422848635,11413.4148525371,0.0031835885755901,0.0035414659933517,166065.83748608912,0.0034353338448430706
2024-04-30,158500.74217007493,494.2103271484375,-0.0752063925552442,-24.119829920834324,24.119829920834324,11920.269035940202,-0.0128254756304099,-0.01584125045404272,163738.11939016767,-0.014016838930622577
2024-05-01,157807.2741281164,492.60552978515625,-0.0850778732873331,-27.254885421093157,27.254885421093157,13425.907272091326,-0.0043751722071713,-0.003247195121439117,162976.501898628,-0.004651436662252343
2024-05-02,158850.52293058138,497.2131042480469,-0.0838231026382309,-26.779953251401214,26.779953251401214,13315.343687746774,0.0066109043973347,0.009353476939043315,164181.70365387038,0.0073949418548204535
2024-05-03,160227.58390328812,503.3761901855469,-0.0662238564513366,-21.07944063076289,21.07944063076289,10610.888515955845,0.0086689105411915,0.012395260472510383,165739.75066879607,0.009489772491399954
2024-05-06,161637.8523646107,508.57452392578125,-0.0644083973996507,-20.4706184445944,20.4706184445944,10410.835029925915,0.0088016584096644,0.010326936079988691,167308.77570937196,0.009466799812625102
2024-05-07,161668.66706048144,509.13568115234375,-0.0631625876386205,-20.056365581203796,20.056365581203796,10211.411351626617,0.0001906403445723,0.0011033923253387368,167352.33178167697,0.00026033345902128926
2024-05-08,161750.79581447938,509.18487548828125,-0.0617838321083731,-19.62663168738902,19.62663168738902,9993.584011997533,0.0005080066254718,9.6623233763804e-05,167438.34692720414,0.0005139763791244309
2024-05-09,162893.10922324075,512.1187133789062,-0.0404636581695381,-12.870553091672935,12.870553091672935,6591.251089782448,0.0070621810731092,0.005761832355706931,168659.86423418287,0.00729532588798071
2024-05-10,163329.08225440184,512.7784423828125,-0.0337355468691934,-10.745373545524862,10.745373545524862,5509.995909495718,0.0026764363037825,0.0012882345180347254,169118.6014567669,0.002719895599744173
2024-05-13,162710.87605503193,512.8472900390625,-0.018233708054467,-5.785002024770455,5.785002024770455,2966.8226112740176,-0.0037850344276532,0.00013426394434623568,168478.89575214445,-0.003782586298089749
2024-05-14,163337.87859711933,515.2002563476562,-0.0231763590587797,-7.347778413587792,7.347778413587792,3785.5773222662056,0.0038534765302064,0.004588044734358476,169146.0402866635,0.003959810702347635
2024-05-15,165073.38156590072,521.580078125,-0.0267356374650861,-8.461485148257644,8.461485148257644,4413.342084681749,0.0106252326997713,0.012383188282108826,170999.25591597188,0.010956305132343663
2024-05-16,164851.94372589473,520.5068359375,-0.0300555350690337,-9.519016915364658,9.519016915364658,4954.713375851999,-0.0013414509226466,-0.002057674808742971,170759.29343989794,-0.0014032954400214417
2024-05-17,165316.80790257873,521.255126953125,-0.0203355877118784,-6.449460683487839,6.449460683487839,3361.814447350642,0.0028198889632563,0.0014376199580112825,171245.80780861783,0.002849123810008785
2024-05-20,165356.80336838358,521.855712890625,-0.0183379593353252,-5.810622095506924,5.810622095506924,3032.306335988783,0.0002419322409638,0.001152191904587374,171290.8559173506,0.0002630610892566142
2024-05-21,165275.21477946354,523.1356201171875,-0.0111042762280911,-3.50819475484604,3.50819475484604,1835.2616385682477,-0.0004934093261241,0.0024526074831545674,171211.0044205528,-0.00046617489515206844
2024-05-22,164824.12019641814,521.6292724609375,-0.0102686629221402,-3.244686257253871,3.244686257253871,1692.5233317353388,-0.002729354087649,-0.002879459165698872,170738.64656532454,-0.0027589222832196288
2024-05-23,162470.57821534807,517.8191528320312,0.0155022913390143,4.863988177604999,-4.863988177604999,-2518.666237512436,-0.0142791114447654,-0.007304267283411603,168319.98363167307,-0.014165878565319923
2024-05-24,163431.91652111083,521.2453002929688,-0.0003626352730161,-0.11370112619503067,0.11370112619503067,59.266177667177494,0.0059169993504211,0.006616494276427076,169316.33672811207,0.005919398724629442
2024-05-28,162385.18990048708,521.6094970703125,0.0080176022852435,2.496004917372784,-2.496004917372784,-1301.9398696358448,-0.0064046646634566,0.0006987051530997768,168230.9738693588,-0.006410266603488804
2024-05-29,160707.63740594068,517.9569091796875,0.0234567269220535,7.277970615142003,-7.277970615142003,-3769.6751649195407,-0.0103306988499038,-0.007002533334113381,166520.663374097,-0.010166442337722926
2024-05-30,160780.77621078322,514.52099609375,0.0177607502720692,5.549991616491494,-5.549991616491494,-2855.587214829165,0.0004551047232297,-0.006633588673195079,166616.0667647413,0.0005729222350619446
2024-05-31,162098.90454177908,519.207275390625,0.012711180020225,3.9684889915335466,-3.9684889915335466,-2060.468356711822,0.008198295605115,0.009108042883484435,167962.74472867124,0.0080825216323911
2024-06-03,161489.74454255903,519.6306762695312,0.0190874488762648,5.9319577995782335,-5.9319577995782335,-3082.427242997158,-0.0037579525965459,0.000815475627893969,167328.93429719447,-0.0037735179459031662
2024-06-04,161586.19829747616,520.2114868164062,0.0210303665112657,6.53237588841879,-6.53237588841879,-3398.2169733579817,0.0005972748002689,0.0011177372187582968,167424.94234823377,0.0005737683768951303
2024-06-05,162744.0282034683,526.394287109375,0.0269131529657669,8.32067336702488,-8.32067336702488,-4379.9549253050245,0.0071654009945862,0.01188516680169105,168571.0554303573,0.006845533682428634
2024-06-06,162618.60920045685,526.3844604492188,0.0251406943308539,7.7668416406674705,-7.7668416406674705,-4088.3447464172714,-0.0007706519520006,-1.8667870067878845e-05,168441.22493174882,-0.0007701826287854153
2024-06-07,162413.1836379819,525.7445678710938,0.0211403866151266,6.5306951385227405,-6.5306951385227405,-3433.477493500491,-0.0012632352686136,-0.0012156372883403987,168232.77281388428,-0.0012375362263543199
2024-06-10,163146.82804717968,527.3689575195312,0.0236168573245677,7.30610951973472,-7.30610951973472,-3853.0153609460226,0.0045171481327097,0.003089693641562752,168980.42941683886,0.004444179278800289
2024-06-11,162636.75916443788,528.6390380859375,0.0200926112013945,6.1815282896581305,-6.1815282896581305,-3267.7971689458846,-0.003126440696685,0.0024083339534810566,168443.94521007853,-0.0031748304144554123
2024-06-12,163497.40905292175,532.9808349609375,0.0034860455291523,1.06938068776656,-1.06938068776656,-569.9594118569227,0.0052918534094353,0.008213159759673738,169330.5030816341,0.005263221960574876
2024-06-13,163054.11502931995,534.0538940429688,-0.0023845798039796,-0.7280455287222374,0.7280455287222374,388.8155496546829,-0.0027113213975048,0.0020133164490050426,168872.20660651798,-0.0027065204837614827
2024-06-14,162582.58615715097,534.3787841796875,-0.0055445999784201,-1.6869221428433516,1.6869221428433516,901.4554036984233,-0.0028918550880128,0.000608347098191242,168384.42226954756,-0.002888482046705297
2024-06-17,164185.6627470719,538.6318969726562,-0.0081777616831368,-2.492743614479234,2.492743614479234,1342.6712217334257,0.009860075594882,0.007958985122318518,170055.6649857362,0.009925162278451954
2024-06-18,164862.19909789693,540.0003662109375,0.0049250958493089,1.5036325589598158,-1.5036325589598158,-811.9621324849896,0.0041205568105372,0.002540639063473016,170754.26112627966,0.0041080439196310966
2024-06-20,165393.3026669576,538.5335083007812,0.0084038376158119,2.580969311903307,-2.580969311903307,-1389.938458355941,0.0032214999676505,-0.0027164016951486403,171308.24398518377,0.0032443281663958453
2024-06-21,165401.06847571043,537.8115234375,0.0092666986980255,2.849923809923743,-2.849923809923743,-1532.7218658958925,4.695358655773983e-05,-0.0013406498428655267,171318.41575216776,5.937698471112989e-05
2024-06-24,165800.5324577474,536.0631713867188,0.0220461312854278,6.818711862450272,-6.818711862450272,-3655.260305757332,0.0024151233466527,-0.0032508638706854054,171744.44907244988,0.0024867923183368845
2024-06-25,165519.7986653952,538.1275634765625,0.0197038928174324,6.0606157227773805,-6.0606157227773805,-3261.3843720659374,-0.0016932019951368,0.003851023909184903,171440.61903194946,-0.0017690821574807489
2024-06-26,164801.4686842619,538.7991943359375,0.0131961309758904,4.036275088452868,-4.036275088452868,-2174.74176577662,-0.00433984325093,0.001248088566651262,170693.77000176595,-0.004356313191125042
2024-06-27,165189.87760569673,539.6486206054688,0.0269839281568923,8.259952160272011,-8.259952160272011,-4457.471789557952,0.0023568292475534,0.0015765173342141559,171088.8046506856,0.00231428861706887
2024-06-28,165255.84253981916,537.5250854492188,0.0274103206590801,8.426984632758737,-8.426984632758737,-4529.715634802893,0.0003993279435674,-0.003935033047740344,171175.57891824664,0.0005071884612100401
2024-07-01,164569.7663956719,538.6312866210938,0.0287493149866931,8.783871581384645,-8.783871581384645,-4731.268051395673,-0.0041515999289522,0.0020579526459691966,170454.7988402594,-0.004210764657798866
2024-07-02,165246.32565204732,542.256103515625,0.0182835280278878,5.571695379686259,-5.571695379686259,-3021.285826564682,0.0041110786701169,0.006729681295102985,171134.57877466956,0.003988036353539132
2024-07-03,165072.73543672744,544.676025390625,0.0182125851676148,5.519613702175427,-5.519613702175427,-3006.4012529925444,-0.0010504936471955,0.004462691815381836,170940.8936552067,-0.0011317708019599592
2024-07-05,165285.04781568595,547.8168334960938,0.0179234927047138,5.407802695321598,-5.407802695321598,-2962.4853487227188,0.0012861747180527,0.005766378469139077,171143.0861469088,0.001182821075628467
2024-07-08,165369.8812775362,548.448974609375,0.0199879363859786,6.026818938783601,-6.026818938783601,-3305.402667132227,0.0005132555120464,0.001153927872656002,171226.97892608025,0.0004901908751337442
2024-07-09,165233.34797399506,548.9823608398438,0.0175519249394947,5.282798734560878,-5.282798734560878,-2900.1633211409694,-0.0008256237622377,0.0009725357419960723,171082.68704052805,-0.0008426936365821909
2024-07-10,166357.41077882232,554.414794921875,0.0158451848320752,4.754497798615464,-4.754497798615464,-2635.9639219758988,0.0068028810080407,0.009895461984827048,172219.71722052168,0.006646085583892342
2024-07-11,167277.23612464865,549.6342163085938,0.0227250190811304,6.916196754092,-6.916196754092,-3801.378382771396,0.00552921172264,-0.00862274718688727,173205.70331412548,0.005725163816993777
2024-07-12,168330.2604918191,553.1010131835938,0.0316289267269263,9.625918861321818,-9.625918861321818,-5324.105475020163,0.0062950846843609,0.0063074618939908955,174261.4936495875,0.006095586434282982
2024-07-15,169276.66899124204,554.6221313476562,0.0287485594019472,8.774371051572787,-8.774371051572787,-4866.460373858476,0.0056223313423136,0.0027501634019924115,175227.4718295065,0.005543268106386359
2024-07-16,170978.70239058565,557.9110717773438,0.0204932585891408,6.2804108729435475,-6.2804108729435475,-3503.9107613260176,0.010054742980745,0.005930056237921422,176968.0442973483,0.009933216804813128
2024-07-17,169754.1753178347,550.0885620117188,0.012696194955666,3.91797294692272,-3.91797294692272,-2155.232104373535,-0.0071618690259657,-0.014021069237261652,175732.1251721882,-0.006983854797442534
2024-07-18,168037.3855112542,545.8612060546875,0.0315459786554616,9.711083546256852,-9.711083546256852,-5300.903776657597,-0.0101133878054317,-0.007684864309069561,173997.4801759964,-0.009870961239967673
2024-07-19,167122.3992822205,542.236328125,0.0191023194402677,5.887516736018103,-5.887516736018103,-3192.425456712941,-0.0054451348802521,-0.0066406586316821725,173072.1123529203,-0.005318282897775937
2024-07-22,167986.12396141383,547.8268432617188,0.0208280801868998,6.386741546513242,-6.386741546513242,-3498.828460154817,0.0051682161272393,0.010310108059432777,173929.4209717391,0.004953476369841832
2024-07-23,167711.39335001807,546.9674072265625,0.0234423759211699,7.187911888771475,-7.187911888771475,-3931.553529174317,-0.0016354363379374,-0.001568809644374558,173651.36701361224,-0.0015986597125052147
2024-07-24,165527.34742351045,534.5718383789062,0.0240711029216067,7.453489933653587,-7.453489933653587,-3984.42581617187,-0.0130226449311613,-0.0226623537049655,171484.69510278804,-0.01247713708268322
2024-07-25,165254.38371919413,531.7864990234375,0.0264983543873014,8.234449787438665,-8.234449787438665,-4378.969223846297,-0.0016490550266472,-0.005210411689316241,171225.58383925856,-0.0015109876911999604
2024-07-26,167219.9204656687,537.7423706054688,0.0245723629664054,7.641184339387942,-7.641184339387942,-4108.988580895854,0.0118940066958495,0.011199741988501932,173215.02009291883,0.01161880257057794
2024-07-29,167065.84398015062,538.0584106445312,0.0257555327957546,7.9970310630900725,-7.9970310630900725,-4302.869823681191,-0.0009214003037974,0.0005877164537111401,173052.7977736156,-0.0009365372541955618
2024-07-30,167296.8182304017,535.3323364257812,0.0217441690534798,6.79527472971077,-6.79527472971077,-3637.730297711136,0.0013825342436753,-0.00506650238119033,173311.1138800492,0.0014927011279617605
2024-07-31,168508.94589997228,544.0339965820312,0.0127720109546621,3.9559992877549774,-3.9559992877549774,-2152.1981029930093,0.0072453719227418,0.01625468809589914,174530.8370952252,0.007037766868316361
2024-08-01,166674.80016160925,536.3299560546875,0.0077805040166492,2.4179405559800062,-2.4179405559800062,-1296.8139521316034,-0.010884560036663,-0.014160954234010092,172650.375416771,-0.0107743806753657
2024-08-02,163450.43161732383,526.3442993164062,-0.0046325548038405,-1.4385889296455705,1.4385889296455705,757.1930821786367,-0.019345267197915,-0.018618495248218125,169295.51647052175,-0.019431518397517413
2024-08-05,159486.5175802272,511.0152282714844,-0.0126217874623302,-3.9392268892139124,3.9392268892139124,2013.0049280048167,-0.0242514748836947,-0.029123657394657165,165127.61872351734,-0.024619067497455783
2024-08-06,161232.86221620944,515.7265625,-0.0056461960668076,-1.765184147336397,1.765184147336397,910.3523524852935,0.0109497947693526,0.009219557398419953,166944.32804827805,0.011001850198073265
2024-08-07,160026.43305992155,512.2794799804688,-0.0037788806688076,-1.1804509413717423,1.1804509413717423,604.720794388371,-0.0074825264509049,-0.00668393441443349,165690.94605295686,-0.0075077842414551805
2024-08-08,163303.58076817432,524.1220092773438,-0.0089166427926967,-2.7782074988337047,2.7782074988337047,1456.119696478105,0.0204787899448191,0.023117321227324128,169118.24982467244,0.020684918840527172
2024-08-09,163629.30273697508,526.4332275390625,-0.0116462506468289,-3.6199612280348568,3.6199612280348568,1905.6678728406578,0.0019945794652422,0.004409695110696443,169464.25491991392,0.0020459358797774666
2024-08-12,162965.13648772793,526.7097778320312,-0.0117408925136692,-3.6326573599095346,3.6326573599095346,1913.3561509778442,-0.0040589688896662,0.0005253283389072827,168777.45000690783,-0.004052801066104705
2024-08-13,164576.09710289387,535.371826171875,-0.0088020415620762,-2.7057935737524264,2.7057935737524264,1448.6056468239603,0.00988530829284,0.016445581047493052,170470.29846020456,0.010030062980732526
2024-08-14,165316.48387841712,537.0608520507812,-0.0079947085738151,-2.4609075601190518,2.4609075601190518,1321.6571110557472,0.0044987503565621,0.0031548650794410715,171241.5014167331,0.004523972583461938
2024-08-15,167576.55999943308,546.2661743164062,-0.0166135362479972,-5.096488460683452,5.096488460683452,2784.0392538652595,0.0136712085086334,0.017140184823515314,173631.34226065298,0.013955967590496244
2024-08-16,168212.0175599941,547.4909057617188,-0.0186277979650708,-5.72323566552218,5.72323566552218,3133.4194784045117,0.0037920432342276,0.002242004910600892,174297.0112897676,0.00383380684873897
2024-08-19,169355.4062790212,552.7257080078125,-0.0260918932391203,-7.994567859032183,7.994567859032183,4418.803180100065,0.0067973069677933,0.009561441461407583,175525.24451940344,0.0070467830776164446
2024-08-20,168474.39052803756,551.8269653320312,-0.0501246439350411,-15.303200763865902,15.303200763865902,8444.718837390943,-0.0052021708095467,-0.0016260193125819944,174597.82626984827,-0.005283674448621373
2024-08-21,169351.61200401408,553.7233276367188,-0.0486439879302776,-14.877353651426763,14.877353651426763,8237.937770296316,0.0052068535355852,0.0034365161976934733,175536.11837332998,0.005374019388028005
2024-08-22,168628.56047846755,549.37744140625,-0.0511763287929715,-15.708309086812385,15.708309086812385,8629.790654931536,-0.0042695284502481,-0.00784847958097934,174716.1567215052,-0.0046711848218092215
2024-08-23,170598.64319893005,555.2147216796875,-0.0686514433939082,-21.094258922416763,21.094258922416763,11711.843096648889,0.0116829718220484,0.010625263859571188,176884.80555835323,0.01241241152244909
2024-08-26,170570.26798086043,553.8911743164062,-0.0749327912881597,-23.07548284435032,23.07548284435032,12781.306290575285,-0.0001663273372961,-0.0023838477468268726,176823.7881359068,-0.00034495570297182786
2024-08-27,170807.30256828966,554.6517333984375,-0.0706862493408896,-21.76812376409479,21.76812376409479,12073.727578586895,0.001389659465481,0.0013731200591342585,177086.67562868082,0.0014867201723559413
2024-08-28,170260.37952156164,551.431884765625,-0.0829696366647673,-25.617745758958996,25.617745758958996,14126.441827309356,-0.0032019886650301,-0.00580517185637186,176434.35177206653,-0.0036836416647298056
2024-08-29,170980.31999323514,551.481201171875,-0.0878896891516816,-27.249173939796794,27.249173939796794,15027.407175260489,0.0042284674431981,8.943335997146917e-05,177181.78550607534,0.004236327713405783
2024-08-30,172324.7225803401,556.7456665039062,-0.0941982463477266,-29.156377222224197,29.156377222224197,16232.68666942652,0.0078629083578633,0.009546046757068938,178734.27520645232,0.008762129221932596
2024-09-03,169687.544242472,545.288330078125,-0.1257819972570853,-39.14193106133445,39.14193106133445,21343.638224468155,-0.01530354030681,-0.02057912097947301,175536.35739970818,-0.017892023245403302
2024-09-04,169429.42885226483,544.1723022460938,-0.1256423269153798,-39.11905769749263,39.11905769749263,21287.50768894234,-0.0015211216083034,-0.002046674704869189,175224.2062595077,-0.001778270580662013
2024-09-05,168282.15361779276,542.8486938476562,-0.1351552178175317,-41.897883120630645,41.897883120630645,22744.21112701611,-0.0067714047213866,-0.00243233327564496,173980.08859241396,-0.007100147255061225
2024-09-06,165954.8907871303,533.7125244140625,-0.1463505839106637,-45.506886307738675,45.506886307738675,24287.595169526943,-0.0138295284474918,-0.016830047740996723,171145.49785880322,-0.016292615761631015
2024-09-09,167981.8681750435,539.6881103515625,-0.1414222009745392,-44.01869351106184,44.01869351106184,23756.36552112955,0.0122140262230246,0.011196263276864737,173506.8652723384,0.013797426418329218
2024-09-10,168369.88544753374,542.038818359375,-0.1470241246609315,-45.66911849987212,45.66911849987212,24754.435027184958,0.0023098759211671,0.004355678701687848,174018.7566377397,0.0029502657695870183
2024-09-11,168963.32355133435,547.5995483398438,-0.1604799183117047,-49.51651337806508,49.51651337806508,27115.220361192267,0.0035246095358637,0.01025891466094575,174918.60054968618,0.005170959322619024
2024-09-12,170219.89228108182,552.2120971679688,-0.146754797793578,-45.23730284118774,45.23730284118774,24980.585872154796,0.0074369318934811,0.008423215179977461,176435.68341426048,0.008673079133990489
2024-09-13,171284.23318146527,555.0962524414062,-0.1571677643013735,-48.496742449270336,48.496742449270336,26920.35998920603,0.0062527410052985,0.005222912153190595,177683.72141070137,0.007073614431557939
2024-09-16,172466.66948712413,555.916015625,-0.1568997447011884,-48.676374940504786,48.676374940504786,27059.976411994016,0.0069033575577629,0.001476794663967329,178951.50653691476,0.0071350662635154515
2024-09-17,172539.1898552518,556.1431884765625,-0.1417738569938865,-43.98425969288013,43.98425969288013,24461.546428379505,0.0004204891782471,0.0004086459917997942,179037.12132135438,0.00047842449664964895
2024-09-18,172093.97395501455,554.4937744140625,-0.1405575724752254,-43.623774211518096,43.623774211518096,24189.11121673151,-0.0025803755112724,-0.0029658082606714986,178500.50368433233,-0.0029972423208193565
2024-09-19,174298.7711823846,563.9558715820312,-0.1574754094677744,-48.67006754389908,48.67006754389908,27447.770361675935,0.0128115887889623,0.01706438846489733,181267.04913827768,0.015498810349789173
2024-09-20,174569.77498225897,562.9810180664062,-0.1535854979977144,-47.62396060542961,47.62396060542961,26811.385825999187,0.0015548233532339,-0.0017285989290088954,181500.7632025305,0.001289335625883753
2024-09-23,175339.17587469835,564.3877563476562,-0.1234510991406532,-38.35273487189939,38.35273487189939,21645.813984147815,0.0044074118358551,0.002498731282417843,182356.6995587858,0.004715882959126717
2024-09-24,175291.6946010885,566.002685546875,-0.120697228721591,-37.3800730924459,37.3800730924459,21157.221756262858,-0.0002707967194039,0.0028613824113929986,182370.29684165533,7.456420796393833e-05
2024-09-25,174137.89467543497,564.75439453125,-0.1300056989170232,-40.086308180052946,40.086308180052946,22638.918705218897,-0.0065821710964641,-0.0022054506939642726,181117.614922072,-0.0068688922553599594
2024-09-26,175271.0507186913,566.993408203125,-0.112068246365588,-34.64294118506033,34.64294118506033,19642.319292697764,0.0065072340823251,0.003964579458887396,182376.6608231438,0.006951537549859642
2024-09-27,175739.45774486428,566.1710815429688,-0.1134579247625567,-35.2173306349206,35.2173306349206,19939.034174629323,0.0026724722893616,-0.0014503284310876108,182834.04708717836,0.002507921035346265
2024-09-30,176078.51294652707,568.4398803710938,-0.1124323648042536,-34.826767588633,34.826767588633,19796.923601794428,0.0019293060648625,0.004007267241452839,183269.16516899932,0.0023798525972216606
2024-10-01,175253.76727831663,563.3475952148438,-0.120520499714243,-37.493142401950266,37.493142401950266,21121.671609186375,-0.0046839654334251,-0.008958353085511184,182212.86939621333,-0.005763630623907538
2024-10-02,175516.25141031586,563.5852661132812,-0.1257873354700425,-39.17370258603616,39.17370258603616,22077.72159659372,0.0014977374585184,0.00042189032216755074,182495.44619240955,0.001550805918004454
2024-10-03,174812.64210667906,562.554931640625,-0.124395193678699,-38.65551833120763,38.65551833120763,21745.852472345436,-0.0040087986040216,-0.001828178511056322,181722.3562049416,-0.004236215223983687
2024-10-04,176768.3917525221,567.6671752929688,-0.1420075181557032,-44.2203489891688,44.2203489891688,25102.440601150738,0.0111876899878299,0.009087545704087097,183989.92225645992,0.012478189799393831
2024-10-07,175114.25552252654,562.5350952148438,-0.1340786992648444,-41.73800319822677,41.73800319822677,23479.091603191948,-0.0093576471087169,-0.009040649700198689,182045.18453462137,-0.010569805661028647
2024-10-08,176424.26082168522,567.8553466796875,-0.1353028752578739,-42.03660297291158,42.03660297291158,23870.709754419087,0.0074808603974001,0.00945763475043604,183639.99238814233,0.00876050557227288
2024-10-09,177766.79526513632,571.78857421875,-0.1329248505722268,-41.32580775963855,41.32580775963855,23629.62469732188,0.0076096928914327,0.006926460342515872,185206.51343616706,0.008530391597456078
2024-10-10,177215.100618331,570.7879028320312,-0.1263387104609465,-39.22495059064941,39.22495059064941,22389.12728632682,-0.0031034741104628,-0.001750072372617817,184590.78030706604,-0.0033245759972326643
2024-10-11,178918.70750608604,574.2059326171875,-0.149114086211169,-46.46294658477526,46.46294658477526,26679.299575853445,0.0096132151369205,0.005988265988464914,186530.11872394974,0.01050614994777987
2024-10-14,180147.02418136015,578.9019165039062,-0.1499546693689164,-46.66401453989273,46.66401453989273,27013.88744891005,0.0068652221581265,0.00817822251559619,188039.4429994997,0.008091584811478154
2024-10-15,179260.4628435723,574.404052734375,-0.135367433151974,-42.24557366065569,42.24557366065569,24266.028720769194,-0.0049213210255158,-0.007769647398465418,186916.26869231297,-0.005973078250341976
2024-10-16,180505.04656540297,576.9006958007812,-0.1386126034543541,-43.370158197417176,43.370158197417176,25020.274441079924,0.0069428791050076,0.004346492777203226,188326.61881538716,0.007545357784751285
2024-10-17,180419.55133748756,576.9501953125,-0.1376028738921063,-43.030141894510976,43.030141894510976,24826.248770362698,-0.0004736445298465,8.58024822625314e-05,188239.64245245227,-0.00046183786170009923
2024-10-18,180777.12495559265,579.1694946289062,-0.1383435112639344,-43.18138723549321,43.18138723549321,25009.342222555708,0.0019819006058619,0.003846604671316811,188712.88696605203,0.0025140534025361204
2024-10-21,179525.73247061716,578.2183837890625,-0.13460894818838,-41.79349999607431,41.79349999607431,24165.770020618278,-0.0069222944290262,-0.0016421977480930439,187364.8449648628,-0.007143348940614331
2024-10-22,178961.0744343241,577.9111938476562,-0.136696695303141,-42.330703615892155,42.330703615892155,24463.387463071533,-0.0031452763262529,-0.0005312697590021953,186761.92379014322,-0.003217899146622996
2024-10-23,178186.96558821847,572.630615234375,-0.1310165085954573,-40.76874950011554,40.76874950011554,23345.43410858728,-0.0043255710693094,-0.009137353056139719,185730.49088147082,-0.005522715164528857
2024-10-24,178117.19396099035,573.8690795898438,-0.1307711797358728,-40.58869246304347,40.58869246304347,23292.595585521984,-0.0003915641472304,0.0021627630841249967,185710.29509259714,-0.00010873706723017951
2024-10-25,177613.62867243725,573.6709594726562,-0.1333540290730478,-41.28759284508051,41.28759284508051,23685.493001753715,-0.0028271570944656,-0.0003452357414501783,185176.7130765715,-0.0028731956715680024
2024-10-28,178490.3082580173,575.4443359375,-0.1252346210585145,-38.845053676465504,38.845053676465504,22353.166117310237,0.0049358801581429,0.003091278084695004,186162.41153453194,0.005323015197666169
2024-10-29,178606.04890067823,576.3756713867188,-0.1208815386810064,-37.458510274912605,37.458510274912605,21590.174008849055,0.0006484421691602,0.0016184631441396036,186319.54833767226,0.0008440844843222948
2024-10-30,178263.0002943423,574.6318969726562,-0.1388119534860042,-43.062411668232336,43.062411668232336,24745.035305133795,-0.0019206998220238,-0.003025412939215655,185883.43700839242,-0.0023406633022181587
2024-10-31,176799.63409728557,563.3673706054688,-0.1383436558387419,-43.41591119429475,43.41591119429475,24459.10773197037,-0.0082090293254375,-0.019603030090276197,183853.40693468135,-0.010920984173643171
2024-11-01,177303.51394096945,565.7451171875,-0.1274747540144408,-39.950361282623966,39.950361282623966,22601.721825521057,0.0028500050141882,0.004220596907264618,184476.30679405417,0.003388024566735867
2024-11-04,176997.14580710666,564.5264892578125,-0.1222526343468336,-38.33011870751635,38.33011870751635,21638.367346789404,-0.0017279304118293,-0.0021540228853333954,184108.96551016613,-0.001991265384004675
2024-11-05,179130.482077283,571.3526611328125,-0.1184042126583004,-37.122087873731296,37.122087873731296,21209.803693462483,0.0120529416474389,0.012091853978321687,186591.6138038119,0.013484668097321217
2024-11-06,183931.0457334019,585.5596313476562,-0.152631166440332,-47.94321287187816,47.94321287187816,28073.610054879184,0.0267992560531812,0.02486550108417407,192300.29214289834,0.030594506487782027
2024-11-07,183765.59766208444,590.0873413085938,-0.1522591114457564,-47.41668674382706,47.41668674382706,27979.98661432735,-0.0008995113938365,0.007732278180647478,192353.71285856742,0.0002777984114002951
2024-11-08,184671.51797938487,592.6433715820312,-0.1455818254975453,-45.3642409482687,45.3642409482687,26884.816704841607,0.0049297601337016,0.004331613465506923,193423.2695821661,0.005560364329359847
2024-11-11,186075.73298646248,593.2081298828125,-0.1484865161253366,-46.57680152172966,46.57680152172966,27629.737326628187,0.0076038526267725,0.0009529479748902059,194921.40099676562,0.0077453525516126415
2024-11-12,185047.80231006813,591.3653564453125,-0.1510987421404585,-47.281244767156416,47.281244767156416,27960.490164907522,-0.0055242597188592,-0.0031064534430167434,193753.11211027787,-0.005993640926616926
2024-11-13,185011.88154965383,591.6526489257812,-0.1450943247666221,-45.3715099154685,45.3715099154685,26844.174027249286,-0.0001941161146787,0.0004858121588244835,193729.15889207632,-0.00012362752753064662
2024-11-14,183904.41525370217,587.8482055664062,-0.1476308043529172,-46.185318745333745,46.185318745333745,27149.95674795695,-0.0059859198591764,-0.006430197458394571,192385.60550748403,-0.006935215082107275
2024-11-15,182374.53622968015,580.3187255859375,-0.1381316057140231,-43.41008900810568,43.41008900810568,25191.687530756,-0.0083188814249592,-0.012808544636474517,190444.79138033354,-0.010088146262455163
2024-11-18,183966.23547277623,582.6964721679688,-0.1333522162819108,-42.10134502798719,42.10134502798719,24532.305221334587,0.0087276397023514,0.004097311489699829,192210.9811881918,0.00927402527030021
2024-11-19,184127.9292913593,584.8264770507812,-0.1312241349819662,-41.31486722202771,41.31486722202771,24162.02824727926,0.0008789320397165,0.0036554277991209805,192472.1214088522,0.0013586123906451832
2024-11-20,184491.83185297812,585.0247192382812,-0.1314614814760843,-41.45734143885061,41.45734143885061,24253.569535629144,0.001976357215439,0.00033897608141764124,192861.09207477112,0.002020919513287121
2024-11-21,186684.89789381836,588.165283203125,-0.094757333799191,-30.076177037608684,30.076177037608684,17689.763184992436,0.0118870630683958,0.005368258573642537,195251.74898059003,0.012395744937978815
2024-11-22,188463.1939979607,589.9881591796875,-0.0911585480472183,-29.119281222664256,29.119281222664256,17180.031125195324,0.0095256559272073,0.003099258029367613,197166.81323874512,0.009808179789188135
2024-11-25,189547.9518846578,591.989501953125,-0.0918897195423227,-29.421988195800875,29.421988195800875,17417.508138502883,0.0057558076125401,0.003392174473840548,198363.1255543307,0.0060675135735799345
2024-11-26,190048.0453429277,595.08056640625,-0.0597878105481508,-19.094148206904034,19.094148206904034,11362.556530009335,0.002638347992144,0.005221485250881619,198948.40174116314,0.0029505291631036737
2024-11-27,189505.72382880936,593.2774047851562,-0.0666890342301682,-21.301929925696154,21.301929925696154,12637.95370323227,-0.0028536021674929,-0.0030301134382243466,198340.47958504912,-0.0030556775062959363
2024-11-29,189859.0821132053,596.962890625,-0.0644310248730104,-20.491751554599166,20.491751554599166,12232.815242002855,0.0018646311956,0.006212078548951894,198789.69732411276,0.0022648817831006137
2024-12-02,189340.39653826543,598.0328979492188,-0.0592699925375529,-18.76519490543682,18.76519490543682,11222.203889880298,-0.0027319502926417,0.001792418492041481,198267.7324999851,-0.0026257136619942294
2024-12-03,189098.99989422195,598.310302734375,-0.058608018888678,-18.52336105024577,18.52336105024577,11082.717757630679,-0.0012749347125969,0.0004638620820152095,198020.3441994764,-0.001247748674932411
2024-12-04,189764.91012216432,602.0254516601562,-0.0589967239410531,-18.596403167512513,18.596403167512513,11195.508016176082,0.003521489951374,0.006209401557690786,198790.21250573013,0.0038878243009122285
2024-12-05,189114.37626919433,601.0347900390625,-0.045012290095132,-14.163025679820763,14.163025679820763,8512.471165788922,-0.0034281040290916,-0.0016455477394882179,198094.01461165733,-0.0035021739013068325
2024-12-06,189048.42741129096,602.1741333007812,-0.0458019928455679,-14.379220628915341,14.379220628915341,8658.79471975781,-0.0003487247199519,0.0018956361272277622,198042.13362924688,-0.00026190080761481397
2024-12-09,186820.7049883906,599.0731811523438,-0.0285691756772649,-8.909284723274126,8.909284723274126,5337.31354096381,-0.011783871748659,-0.0051495937419958615,195679.29463668456,-0.011930991396940625
2024-12-10,185912.9415196029,597.2106323242188,-0.0192086612805212,-5.979697158801868,5.979697158801868,3571.138721315398,-0.0048590089029164,-0.003109050591352358,194716.8010975334,-0.004918729602629692
2024-12-11,186631.155405349,601.827392578125,-0.0175563324676026,-5.444349415657041,5.444349415657041,3276.5586131091154,0.0038631731598435,0.007730539283834936,195495.4527655473,0.003998893077664369
2024-12-12,185709.0535661272,598.7264404296875,-0.0325810424679366,-10.105774778504816,10.105774778504816,6050.594560918303,-0.0049407712084246,-0.005152560662208372,194496.73550605506,-0.0051086470061786305
2024-12-13,185299.09404741073,598.6075439453125,-0.0179239265158703,-5.548355310180581,5.548355310180581,3321.28734516313,-0.0022075365247095,-0.00019858231797764692,194066.6845716951,-0.0022110958995842827
2024-12-16,185083.51323890092,601.16357421875,-0.0193395721272917,-5.954179706426784,5.954179706426784,3579.435953856273,-0.001163420736718,0.004269960008507656,193856.92923803246,-0.0010808415371528152
2024-12-17,183791.5272189729,598.686767578125,-0.031017841883039,-9.522202325903985,9.522202325903985,5700.81653072036,-0.0069805570324375,-0.004120021150389452,192478.92610302978,-0.007108351197035056
2024-12-18,178460.8073322179,580.8438110351562,-0.0285109179367156,-8.75981001450477,8.75981001450477,5088.081432768879,-0.0290041655750748,-0.02980349242584579,186732.68131923518,-0.029853890501855614
2024-12-19,178063.26560088038,580.6654663085938,-0.0196849710550216,-6.036470967696806,6.036470967696806,3505.1702293159537,-0.002227613655235,-0.0003070442056439804,186315.58440693744,-0.002233657811535714
2024-12-20,180421.94492692253,587.6398315429688,-0.0362535051731591,-11.130845056205713,11.130845056205713,6540.927913759611,0.0132462993873704,0.01201098677128587,188864.7057457307,0.013681739758417957
2024-12-23,180817.74484759656,591.1588134765625,-0.0345171710343265,-10.557767020745175,10.557767020745175,6241.3170249457,0.00219374600376,0.005988331193196972,189318.06532148438,0.0024004462557657724
2024-12-24,182391.62554422568,597.7295532226562,-0.0324579085084706,-9.904229534423687,9.904229534423687,5920.0506946257065,0.0087042380600181,0.011115016128156352,191034.23514295626,0.009065008236575973
2024-12-26,182392.00506417375,597.7693481445312,-0.0238650787314391,-7.281737637355583,7.281737637355583,4352.799560841546,2.080797004462083e-06,6.657680159949386e-05,191034.9361731922,3.6696576163214047e-06
2024-12-27,180942.39005317623,591.4768676757812,-0.0220068070741998,-6.732240070676063,6.732240070676063,3981.964269444858,-0.0079477990852036,-0.01052660275787276,189472.37431806335,-0.008179456001242844
2024-12-30,179035.67010361404,584.7271728515625,-0.0133596970350728,-4.090561243102545,4.090561243102545,2391.8623110555245,-0.010537718380982,-0.011411595605998581,187446.8816985429,-0.010690173840964908
2024-12-31,178966.40290689413,582.5999145507812,-0.0067288111182512,-2.0669950193897058,2.0669950193897058,1204.231121673333,-0.0003868904821024,-0.0036380356507244027,187369.77164916878,-0.0004113701368375886
2025-01-02,178725.28638189126,581.1685180664062,-0.0185237144193507,-5.6965511061570195,5.6965511061570195,3310.6561644548224,-0.0013472725667303,-0.0024569115934023333,187108.8060861975,-0.0013927836954400767
2025-01-03,180639.30495434708,588.43505859375,-0.0133161722478405,-4.087832742751236,4.087832742751236,2405.4240995022733,0.0107092768527785,0.012503327866967284,189143.75904742785,0.010875773320326262
2025-01-06,180544.5084130851,591.8248291015625,-0.0035153653270671,-1.0724117570924299,1.0724117570924299,634.6799048677336,-0.0005247835806604,0.005760653547586703,189048.32982106067,-0.0005045327789179676
2025-01-07,179623.7242385868,585.1348266601562,-0.0062954757494258,-1.9325747647257099,1.9325747647257099,1130.8167999655705,-0.0051000397774026,-0.011304024624249398,188070.7223435313,-0.005171203990295474
2025-01-08,180265.28494450208,585.9896240234375,0.0028584947796081,0.879345563186655,-0.879345563186655,-515.2873759584259,0.0035716924845802,0.0014608553863735274,188741.66777444037,0.003567516637084489
2025-01-10,177529.84560638384,577.0430297851562,-0.0218450038074795,-6.720712239876818,6.720712239876818,3878.140153212703,-0.0151745209232072,-0.015267495995668678,185814.65454825308,-0.01550803943136326
2025-01-13,178346.35678483624,577.937744140625,-0.0301688120427279,-9.309822331032633,9.309822331032633,5380.497716347015,0.0045992896330389,0.0015505158355380022,186677.9618557094,0.00464606685385052
2025-01-14,179844.01989126674,578.7330322265625,-0.0331711009124727,-10.308076090570431,10.308076090570431,5965.624132317956,0.0083974976188455,0.001376079160775534,188254.11070946293,0.008443143679551136
2025-01-15,182091.24068856004,589.2601928710938,-0.0530469724584255,-16.392400414259196,16.392400414259196,9659.389029726572,0.0124953879403494,0.018190011729639854,190788.06996156572,0.013460312991590041
2025-01-16,183820.17868750784,588.126953125,-0.0651932486777497,-20.37627175134082,20.37627175134082,11983.834621163083,0.0094948993285452,-0.00192315679864985,192575.66307372728,0.009369522489124517
2025-01-17,185150.02156142856,594.0316772460938,-0.0659924700617732,-20.568780627110204,20.568780627110204,12218.507254829234,0.0072344771037428,0.010039880147847624,194096.43955437333,0.007897033593823426
2025-01-21,186967.03445424183,599.4691162109375,-0.0651044843402513,-20.305286857323715,20.305286857323715,12172.392366769413,0.0098137330878488,0.009153449509715639,196116.91821513558,0.010409663698113362
2025-01-22,186951.5756259613,602.8389892578125,-0.0761785553499336,-23.624385956046595,23.624385956046595,14241.700951579589,-8.268210663796305e-05,0.005621428953963337,196184.68646134686,0.00034555023007725236
2025-01-23,188217.56655068623,606.12939453125,-0.0733136148687282,-22.765617886421122,22.765617886421122,13798.91018562623,0.0067717585181409,0.00545818258618036,197591.706869805,0.007171917614147326
2025-01-24,188067.24018382657,604.35986328125,-0.0712337579640336,-22.166819939834518,22.166819939834518,13396.736268218476,-0.0007986840421677,-0.0029193952082928742,197392.8024557448,-0.001006643533836594
2025-01-27,187134.24549161005,595.8109741210938,-0.0708865858443415,-22.264289067560924,22.264289067560924,13265.307757457093,-0.0049609633836523,-0.01414536219156215,196215.6149841243,-0.0059636798149437726
2025-01-28,187200.10361373064,600.930419921875,-0.0709369970916017,-22.098087840720662,22.098087840720662,13279.413205594748,0.0003519298242156,0.008592399306396103,196404.2662573476,0.0009614488288233008
2025-01-29,186701.2319470654,598.2365112304688,-0.0542753183728727,-16.93856629327446,16.93856629327446,10133.268804534526,-0.0026649112742727,-0.004482896192468444,195833.07907046675,-0.0029082218923514635
2025-01-30,188198.97076610284,601.447265625,-0.0617174432427758,-19.312016132512905,19.312016132512905,11615.159296605774,0.008022115351987,0.005367031824800028,197468.9422681803,0.008353354834016268
2025-01-31,187359.86453316585,598.2463989257812,-0.0620872801134202,-19.44460411658288,19.44460411658288,11632.66439128313,-0.0044586122310936,-0.005321940728905905,196523.25618627333,-0.004789037055876201
2025-02-03,186629.6406685071,594.220458984375,-0.0569352268485634,-17.881917001458767,17.881917001458767,10625.800928127328,-0.0038974401827101,-0.0067295681990485745,195682.02076500084,-0.004280589674715809
2025-02-04,187179.44536912884,598.2066650390625,-0.0572535951557896,-17.914705423667495,17.914705423667495,10716.696186649338,0.0029459666677401,0.006708294866690778,196333.64985179703,0.0033300406662232756
2025-02-05,188247.7466459684,600.6321411132812,0.0013262242985704,0.4156599666648897,-0.4156599666648897,-249.65873575300782,0.0057073642607111,0.004054578820281707,197453.14176694062,0.005701986979759173
2025-02-06,187953.06092341623,602.7197265625,-0.0018245881976889,-0.5689824334044037,0.5689824334044037,342.93693668036804,-0.0015654143425491,0.0034756472494952284,197145.2979606077,-0.001559072717598341
2025-02-07,186809.15366418252,597.2026977539062,0.0064766124479862,2.0259293780313428,-2.0259293780313428,-1209.8904900192113,-0.0060861326419143,-0.009153556065037205,195957.1330962645,-0.00602684860676014
2025-02-10,187500.7572398855,601.2584228515625,0.0201872077402496,6.2953242632413655,-6.2953242632413655,-3785.116737855678,0.0037021931855989,0.006791203577796834,196655.73943020336,0.003565097748167589
2025-02-11,187362.1199507872,601.7156982421875,0.0286948357533588,8.934992512402436,-8.934992512402436,-5376.325258388949,-0.0007393958890575,0.000760530536031867,196506.0413079435,-0.0007612191878743484
2025-02-12,186910.59586409136,599.7772827148438,0.0311453851374532,9.705940291882815,-9.705940291882815,-5821.402494457992,-0.0024099006075211,-0.003221480730860926,196052.1975674759,-0.0023095663494455522
2025-02-13,188049.77698972693,606.1094970703125,0.0300671006090137,9.328531546828406,-9.328531546828406,-5654.11156425271,0.0060947915786641,0.01055760952933471,197184.86068601455,0.005777354870754911
2025-02-14,187973.61386260888,606.0796508789062,0.0176835449315934,5.484493402596633,-5.484493402596633,-3324.039846693432,-0.0004050157800625,-4.924224344038386e-05,197105.1694099724,-0.0004041450026380895
2025-02-18,188902.60505648784,607.8590087890625,0.0226296095972905,7.032539030482478,-7.032539030482478,-4274.792204339474,0.0049421361583119,0.0029358482958072862,198066.19489870104,0.00487569905754091
2025-02-19,189186.18590149583,609.2904663085938,0.022693821331746,7.046487248183084,-7.046487248183084,-4293.357501283031,0.0015012013461816,0.002354917010085833,198352.94707048012,0.0014477592803036226
2025-02-20,188032.39459129795,606.755615234375,0.0231991501612717,7.189371878531367,-7.189371878531367,-4362.191757307014,-0.0060987080251127,-0.004160332738465833,197162.39462989723,-0.006002191841192176
2025-02-21,184613.64727220545,596.3776245117188,-0.0247197886634087,-7.652215907138417,7.652215907138417,4563.610344949996,-0.0181816932477162,-0.017104070340819955,193494.28641503002,-0.018604502251825347
2025-02-24,184279.9934377857,593.663818359375,-0.0315942804228555,-9.80722356482049,9.80722356482049,5822.193788995373,-0.0018073086109813,-0.0045504828497978655,193116.7640002139,-0.0019510778421972083
2025-02-25,183966.0507482052,590.71142578125,-0.0338675911154093,-10.547429275837473,10.547429275837473,6230.486985856851,-0.0017036178682439,-0.004973172504068257,192755.24029494592,-0.00187204724115808
2025-02-26,183983.56404945944,591.0096435546875,-0.0319563129681706,-9.948122535533464,9.948122535533464,5879.4363537639865,9.519854985739285e-05,0.0005048451078173422,192776.70003232925,0.00011133153812325366
2025-02-27,182466.46441088055,581.5759887695312,-0.003811543904781,-1.1958522251300123,1.1958522251300123,695.478940252231,-0.0082458432981059,-0.01596193038140048,191175.36511531548,-0.008306682896559666
2025-02-28,184882.36848384835,590.6517944335938,0.0095279905226174,2.9823958401792594,-2.9823958401792594,-1761.557454713165,0.0132402635233159,0.015605537091145427,193678.15157645755,0.013091574113811111
2025-03-03,182884.6354808823,580.3036499023438,0.0284986573390006,8.981447144119791,-8.981447144119791,-5211.966559137696,-0.0108054273609145,-0.017519873178703183,191682.0784968758,-0.010306134498571892
2025-03-04,179781.19692968702,573.4346313476562,0.032114840815836,10.068531277067176,-10.068531277067176,-5773.644521077363,-0.0169693782259783,-0.011836938395689,188502.21909992408,-0.01658923683365389
2025-03-05,181309.5599917779,579.5978393554688,0.0262865771440268,8.222956353621637,-8.222956353621637,-4766.007735673425,0.00850123977475,0.01074788244534175,190051.46506537872,0.008218714733715592
2025-03-06,178573.99052252143,569.309326171875,0.0513002193127209,16.09122572952092,-16.09122572952092,-9160.884877353094,-0.0150878391044604,-0.017751124115705674,187357.0669513102,-0.014177202544277371
2025-03-07,179604.36966258255,572.500244140625,0.0553997799420886,17.379979585651576,-17.379979585651576,-9950.042555944605,0.0057700404019988,0.005604893196122784,188379.94858252667,0.005459530552334688
2025-03-10,175829.56532988106,557.2513427734375,0.0228046552366541,7.195554877987847,-7.195554877987847,-4009.732617758686,-0.0210173301451022,-0.026635624217204446,184535.13004811475,-0.020409913917815777
2025-03-11,174450.90827909549,552.6189575195312,0.0191206651411722,6.036016961397925,-6.036016961397925,-3335.61740077793,-0.0078408716315655,-0.008312918961937199,183117.5453713593,-0.0076819230917485985
2025-03-12,174591.1524802403,555.5514526367188,0.009100115874296,2.859860613551491,-2.859860613551491,-1588.7997181970684,0.0008039178616394,0.005306540930753112,183255.91406544362,0.0007556277242778521
2025-03-13,172337.45806672488,548.1456909179688,0.0306690852303916,9.642385733227265,-9.642385733227265,-5285.432189837424,-0.012908411345589,-0.013330469542652268,180965.29246646987,-0.012499578039024259
2025-03-14,176063.4958892332,559.4680786132812,0.0438596112829167,13.802532773546975,-13.802532773546975,-7722.07649081317,0.0216205917408023,0.02065579987749455,184713.92269865912,0.02071463638743767
2025-03-17,178301.2500286173,563.7823486328125,0.0193767347575083,6.128067040613994,-6.128067040613994,-3454.8960287366863,0.0127099267686468,0.0077113783331923536,187034.02292883344,0.012560505436069735
2025-03-18,177206.3962625869,557.688720703125,0.0188238245184582,5.981297420879703,-5.981297420879703,-3335.702106795303,-0.0061404716223508,-0.01080847590291667,185923.59917246635,-0.005937014768642312
2025-03-19,179278.96883680238,563.762451171875,0.0195884356226089,6.2292097181136405,-6.2292097181136405,-3511.7945395474103,0.0116958113134037,0.01089089709595048,188058.46237770122,0.011482475676767216
2025-03-20,178991.00404468022,562.1322021484375,0.0213696486991575,6.804404483723682,-6.804404483723682,-3824.9748767442957,-0.0016062385565386,-0.002891730408878357,187768.01674668325,-0.0015444432935681983
2025-03-21,178496.4188861032,562.317626953125,0.0240307209712477,7.628068961417175,-7.628068961417175,-4289.3976366188945,-0.002763184447267,0.00032985978027744167,187247.69068954434,-0.002771111215606484
2025-03-24,181269.23746209723,572.3878784179688,0.0053539596049393,1.6955428505450185,-1.6955428505450185,-970.5081749902182,0.0155343092780103,0.01790847553438546,190138.5006848052,0.015438428023413157
2025-03-25,181143.22230418675,573.7637939453125,-0.0004640520716758,-0.1465060857226204,0.1465060857226204,84.05988758028785,-0.0006951822585826,0.002403816676108894,190006.53187121323,-0.0006940667624741228
2025-03-26,180269.91400779245,566.9140625,-0.0003095108308432,-0.09841966278722193,0.09841966278722193,55.79549086058406,-0.0048210928638985,-0.011938242736113436,189089.7906592481,-0.004824787879326563
2025-03-27,179549.53907614583,565.4085083007812,-0.0013512556173108,-0.4291009415322443,0.4291009415322443,242.617323262207,-0.0039960907265726,-0.0026557009233101336,188333.49214576918,-0.00399967925736312
2025-03-28,176433.9463140037,554.0221557617188,0.0080313849229821,2.557675575952902,-2.557675575952902,-1417.0089363285224,-0.0173522737968202,-0.02013827590476458,185095.9385535286,-0.01719053555134382
2025-03-31,177614.08918228335,557.7411499023438,0.0054922495663409,1.7490208575397967,-1.7490208575397967,-975.5009042874295,0.0066888651131756,0.006712717356062825,186327.19621744222,0.006651997194187795
2025-04-01,178094.9944180823,559.3164672851562,0.0031146358855015,0.9917481302404516,-0.9917481302404516,-554.7010606427484,0.0027075849557488,0.002824459667514878,186830.05377996943,0.0026987877923112065
2025-04-02,179514.26287647465,562.8560791015625,0.0009973856773699,0.3181007744686788,-0.3181007744686788,-179.04495467661096,0.0079691653492549,0.006328459867428915,188317.75411529,0.007962853434023316
2025-04-03,171072.4315664514,535.1180419921875,-0.1035081381782136,-33.09062206002346,33.09062206002346,17707.388885063243,-0.0470259642590747,-0.04928086972721479,178501.32672459044,-0.05212693533234179
2025-04-04,159856.72986127622,503.7906494140625,-0.0056816645064739,-1.8028367720404284,1.8028367720404284,908.2523081737995,-0.0655611287130069,-0.058542957104373516,166739.20489915513,-0.06589375015449084
2025-04-07,159360.07218660862,502.893310546875,-0.0044865096580196,-1.4217140852210193,1.4217140852210193,714.9705029679203,-0.0031068924974169,-0.001781174121098017,166219.83165894102,-0.003114883752313821
2025-04-08,157281.32133735847,495.0166015625,-0.0016425990653275,-0.5219019940073673,0.5219019940073673,258.3501514222192,-0.0130443643801563,-0.01566278337607918,164047.323158043,-0.013070092053490275
2025-04-09,169670.63753630183,547.0029296875,-0.007742197816121,-2.40149287709278,2.40149287709278,1313.623639393414,0.0787716945254359,0.10501936290804648,177102.99249498325,0.07958477520759301
2025-04-10,164467.94259744557,523.0337524414062,0.0054807765684242,1.7234299733763323,-1.7234299733763323,-901.4120460450159,-0.030663496138176,-0.04381910213860685,171714.92910287078,-0.03042333342992534
2025-04-11,167075.43404300796,532.3661499023438,0.0473324028999717,14.854591638221068,-14.854591638221068,-7908.0817588113,0.0158541014399657,0.017842820692500094,174292.29426702266,0.015009557862076335
2025-04-14,168834.05118733933,537.5308837890625,0.0530347737116882,16.65778836079282,-16.65778836079282,-8954.075699548124,0.0105258870306373,0.009701469350871017,176037.1992266206,0.010011371798942976
2025-04-15,168700.8187390518,536.0253295898438,0.0522659750861614,16.4494330817858,-16.4494330817858,-8817.312789230313,-0.0007891325674565,-0.0028008701353233745,175924.05266196298,-0.000642742358744115
2025-04-16,166399.77914510018,524.1105346679688,0.0420615450331627,13.354113953183449,-13.354113953183449,-6999.031804019959,-0.0136397654211203,-0.0222280445795201,173688.969323131,-0.012704819523039666
2025-04-17,167204.0334265454,524.8583374023438,0.0391141270741901,12.460580969583775,-12.460580969583775,-6540.039810763024,0.0048332653178819,0.0014268034792483952,174518.76093068093,0.0047774571452846816
2025-04-21,163339.76947826866,512.3652954101562,0.043600584795867,13.899671842476343,-13.899671842476343,-7121.709469674622,-0.0231110689681681,-0.023802693225792537,170666.56336047043,-0.02207325762380692
2025-04-22,167549.12175765037,525.6959228515625,0.0689736074628769,21.983178587681515,-21.983178587681515,-11556.467354861943,0.0257705290807438,0.02601781885077692,174758.46253800933,0.023975986256290074
2025-04-23,169487.4777750478,533.841796875,0.0775120149777469,24.60900587541701,-24.60900587541701,-13137.31591584005,0.0115688819915221,0.015495410311062274,176570.3235907407,0.010367801515404708
2025-04-24,172428.8043507614,545.07861328125,0.1023184795981372,32.36717176241751,-32.36717176241751,-17642.65310009457,0.017354241235553,0.021048963329638015,179254.28844183916,0.015200543310547494
2025-04-25,172712.93155045665,549.0169677734375,0.1055724458251639,33.211590314527996,-33.211590314527996,-18233.726609415826,0.001647794292636,0.007225296308140727,179412.9288616753,0.0008850020895740564
2025-04-28,173143.14441144437,549.226318359375,0.1158545397069015,36.52304820190352,-36.52304820190352,-20059.41929919346,0.0024909128524754,0.0003813189723198551,179851.90481130878,0.002446735318455774
2025-04-29,174304.4499938131,552.6860961914062,0.1088138765776471,34.31738746326789,-34.31738746326789,-18966.74290856144,0.006707199331029,0.006299366429427744,180934.92637343614,0.0060217408498598754
2025-04-30,174491.2458651849,552.9054565429688,0.1082461075717478,34.16135244594611,-34.16135244594611,-18887.998170251096,0.0010716643859548,0.00039689862486880223,181121.0544315917,0.0010287016547121729
2025-05-01,174657.15848768607,556.8238525390625,0.1042516730846846,32.70028915882485,-32.70028915882485,-18208.300988558192,0.0009508363681999,0.007086918658016916,181159.45449337075,0.00021201324108656872
2025-05-02,177282.03146300395,565.0894165039062,0.1246232660530423,39.097291735041786,-39.097291735041786,-22093.465773437758,0.0150287168189729,0.014844126966101712,183546.91748665925,0.013178793234751266
2025-05-05,176749.09060462852,561.8489990234375,0.1282913981199485,40.35850911812578,-40.35850911812578,-22675.387950097247,-0.0030061752676082,-0.005734344664454216,183130.1727103211,-0.0022705081733037018
2025-05-06,175900.87182865085,557.1528930664062,0.1285708017609353,40.59157980314323,-40.59157980314323,-22615.716121457157,-0.0047989993785883,-0.008358306173355534,182448.1290583914,-0.0037243652525166034
2025-05-07,176446.08877873817,559.4959716796875,0.1268912129767272,40.0171929083189,-40.0171929083189,-22389.45823013338,0.0030995693450479,0.004205449962551011,182916.27904336157,0.00256593469818687
2025-05-08,177744.12079179834,563.3944702148438,0.1127623367279823,35.575149313234874,-35.575149313234874,-20042.842400143923,0.0073565360504414,0.006967875967815118,184118.1893674448,0.006570822074279815
2025-05-09,177480.53016906563,562.6765747070312,0.1118194395798255,35.27030324688446,-35.27030324688446,-19845.77341983523,-0.0014829780110784,-0.0012742324352930101,183871.3800293149,-0.0013404940542694993
2025-05-12,181326.65187360565,581.2716064453125,0.1430366128333355,44.620018959845915,-44.620018959845915,-25936.350100409938,0.0216706683312038,0.033047460253633476,186986.83630067186,0.016943671553779786
2025-05-13,182337.4198119776,585.1102905273438,0.1388951666389323,43.283782082301364,-43.283782082301364,-25325.786309297586,0.0055742932874341,0.006603942183768696,187857.64103501226,0.004657037637345672
2025-05-14,181605.37728408715,585.8580932617188,0.1391450141339457,43.132429302647324,-43.132429302647324,-25269.482788994846,-0.0040147684915433,0.0012780543198120942,187070.0284546375,-0.004192603377937505
2025-05-15,183389.2654636875,588.7196044921875,0.1446202349833072,45.0499668473781,-45.0499668473781,-26521.798664774597,0.0098228819337756,0.004884307758791007,188775.4546509185,0.009116512197968454
2025-05-16,185343.2146875758,592.4485473632812,0.1555165719107545,48.652227275116175,-48.652227275116175,-28823.941375130787,0.0106546542893219,0.006333987933543117,190600.84046770417,0.00966961419937319
2025-05-19,185685.93551644593,593.0966186523438,0.1654471228903245,51.79797494411647,-51.79797494411647,-30721.203792394303,0.0018491145168051,0.0010938861981293346,190918.7882468181,0.0016681341925551662
2025-05-20,184863.57014569425,591.1025390625,0.1641601657541523,51.34005068757246,-51.34005068757246,-30347.234317021528,-0.0044287973047846,-0.003362149651729207,190178.62163813665,-0.003876866260666468
2025-05-21,181714.51953442575,581.1419677734375,0.1790475886276994,55.98553941291697,-55.98553941291697,-32535.54654127991,-0.0170344574043802,-0.016850834890440813,187512.82018536868,-0.014017356050883268
2025-05-22,181405.97261701155,581.371337890625,0.181884143043456,56.75352003441422,-56.75352003441422,-32994.869872409785,-0.0016979761342393,0.00039468861295000046,187180.9667964743,-0.0017697637343747211
2025-05-23,180818.7128488143,577.4030151367188,0.1653284844886022,51.77403473619847,-51.77403473619847,-29894.48376247421,-0.0032372680994196,-0.006825797034137326,186786.2452976244,-0.00210876942033888
2025-05-27,183700.41908422037,589.4075927734375,0.1503225654313643,46.85097139251043,-46.85097139251043,-27614.31826755676,0.0159369911996638,0.02079063898527833,189179.29258380525,0.012811689010439425
2025-05-28,182207.63629786365,585.9976196289062,0.1222573946934521,38.01420033264934,-38.01420033264934,-22276.230907028887,-0.0081261806249463,-0.005785424528526595,187775.79606315395,-0.007418869694893045
2025-05-29,182564.24534838577,588.310791015625,0.1187955575811114,36.86456487241333,-36.86456487241333,-21687.82132053631,0.0019571575471134,0.00394740747954514,188055.24833570293,0.0014882230745809854
2025-05-30,183121.24045115703,587.6527709960938,0.1329339256908494,41.42416503760873,-41.42416503760873,-24343.025370550276,0.0030509539351934,-0.0011184904808482221,188656.95729239137,0.0031996392656604
2025-06-02,183408.719254309,590.9629516601562,0.102071634625932,31.6785133930049,-31.6785133930049,-18720.827778935967,0.0015698823492223,0.00563288531499917,188844.6567283641,0.000994924537459927
2025-06-03,184442.4118082714,594.3330078125,0.0951044135100152,29.514240620693027,-29.514240620693027,-17541.287401398353,0.0056360055190675,0.005702652159287558,189806.56684941685,0.005093658130006835
2025-06-04,183810.72726450153,594.1734619140625,0.1069354801174212,33.081060718266706,-33.081060718266706,-19655.88837076183,-0.0034248334619832,-0.000268445293026387,189161.95961720773,-0.0033961271356881613
2025-06-05,183420.38303318463,591.3019409179688,0.1015536186716393,31.501678493123993,-31.501678493123993,-18627.00363515805,-0.0021236205151139,-0.004832799140579991,188853.0898645175,-0.0016328322740748135
2025-06-06,185167.002510462,597.3740234375,0.1158223803313375,35.901264782438744,-35.901264782438744,-21446.482989580454,0.0095224938929572,0.010269004884551292,190426.82406009245,0.008333113303594337
2025-06-09,184833.40569554997,597.9124145507812,0.0962291727429873,29.747443425664343,-29.747443425664343,-17786.36572535173,-0.0018015996931914,0.0009012630147242628,190067.2358538582,-0.0018883274875221665
2025-06-10,185398.44705703916,601.3023681640625,0.0913644079690342,28.170218929061384,-28.170218929061384,-16938.81935374471,0.003057030515468,0.0056696491505836555,190549.8215791769,0.0025390263774327866
2025-06-11,185150.9509520934,599.5874633789062,0.1193079161266015,36.84195463738911,-36.84195463738911,-22089.974126952868,-0.0013349416290934,-0.0028519840864627,190360.28598743188,-0.000994677350911306
2025-06-12,185870.63251811537,601.9703979492188,0.1206725393387036,37.26010662794105,-37.26010662794105,-22429.481214451996,0.0038869990260441,0.003974290184260543,191008.92178410388,0.003407411337440496
2025-06-13,183455.67325209,595.2402954101562,0.1327543043938927,40.915459651320724,-40.915459651320724,-24354.530289694478,-0.0129926886959401,-0.011180122082398825,188810.6995490578,-0.011508479365852444
2025-06-16,185200.6653367476,600.903564453125,0.1205191666182936,37.14444573789753,-37.14444573789753,-22320.229843538313,0.009511791342968,0.00951425682474416,190390.12768054428,0.008365141039457421
2025-06-17,183593.55142514867,595.768798828125,0.1305113943189537,40.21870636998107,-40.21870636998107,-23961.05038446468,-0.0086776897300922,-0.008545074332639513,188950.30992426886,-0.007562460164380315
2025-06-18,183906.6298599094,595.6790161132812,0.1395003773026166,43.06857142846066,-43.06857142846066,-25655.044253910022,0.0017052801273815,-0.00015070059899136012,189276.49539561046,0.0017263029178005251
2025-06-20,183807.25632132383,594.280029296875,0.1411829345465879,43.66703668151991,-43.66703668151991,-25950.447838401367,-0.0005403477768106,-0.00234855816398305,189236.97986849034,-0.00020877144326612645
2025-06-23,185174.66053360712,600.1500244140625,0.136999364610289,42.27078197622031,-42.27078197622031,-25368.810835030134,0.0074393374867247,0.00987749011881256,190388.70027773158,0.006086127616502972
2025-06-24,187298.5993338563,606.780029296875,0.1314854873285671,40.58645047680208,-40.58645047680208,-24627.047609370133,0.0114699213927476,0.011047245877038092,192295.894119943,0.010017368884966743
2025-06-25,186196.81699725683,607.1199951171875,0.1109059666539621,34.013602159463844,-34.013602159463844,-20650.33797697165,-0.0058824910624962,0.0005602785258216336,191152.76631464207,-0.005944629293997905
2025-06-26,187876.60221958155,611.8699951171875,0.1203249013361434,36.94613856839211,-36.94613856839211,-22606.23362544101,0.0090215571319325,0.007823824018649228,192697.31053959258,0.008080156278817183
2025-06-27,188677.1871951,614.9099731445312,0.1259303184720409,38.640092549455396,-38.640092549455396,-23760.17827188782,0.004261227667843,0.004968339764334306,193397.87376336727,0.003635563059043076
2025-06-30,189968.2745281103,617.8499755859375,0.1227824299156476,37.75150485572842,-37.75150485572842,-23324.766353444207,0.0068428375057089,0.004781191670012452,194607.73047523721,0.0062557911745723185
2025-07-01,190573.90915876292,617.6500244140625,0.2151549542031323,66.38536238424535,-66.38536238424535,-41002.92069736553,0.0031880830215309,-0.00032362414789344207,195241.7064842066,0.0032577123602499413
2025-07-02,190742.15193866385,620.4500122070312,0.0982721133988657,30.211353076749315,-30.211353076749315,-18744.634385260044,0.000882821686576,0.004533291803274775,195327.0906651014,0.000437325520414433
2025-07-03,192339.9132819407,625.3400268554688,0.0867931787241837,26.695544427594772,-26.695544427594772,-16693.792469273474,0.0083765508936413,0.00788139987465386,196829.64414317938,0.0076924991457237085
2025-07-07,191006.57495838564,620.6799926757812,0.1131826254086608,34.83055016951218,-34.83055016951218,-21618.62562410625,-0.0069321977992193,-0.007452000479036269,195631.1955176162,-0.006088760820455378
2025-07-08,190938.94764693952,620.3400268554688,0.1496085402583189,46.049095656008234,-46.049095656008234,-28566.097235918198,-0.0003540575054071,-0.0005477312372305088,195577.96187585598,-0.0002721122345511606
2025-07-09,191368.8644676248,624.0599975585938,0.1130956327355596,34.680932758904305,-34.680932758904305,-21642.982812851573,0.0022515931190749,0.005996663994070728,195885.68357813315,0.0015733966103629233
2025-07-10,191913.02954396995,625.8200073242188,0.0983159994011587,30.14943766082648,-30.14943766082648,-18868.121297719503,0.0028435402898951,0.002820257303000284,196388.37793144753,0.0025662638745822105
2025-07-11,190655.12456443065,623.6199951171875,0.1093108059730688,33.418853616323624,-33.418853616323624,-20840.66532903374,-0.0065545574603682,-0.0035154072757080934,195176.60557902855,-0.006170285457736958
2025-07-14,191478.1439721068,624.8099975585938,0.1121331242904102,34.36411485222399,-34.36411485222399,-21471.04251692131,0.0043167966743954,0.0019082172648787754,195977.380510917,0.004102822310659642
2025-07-15,189227.1694048263,622.1400146484375,0.1191763843704111,36.248126375632594,-36.248126375632594,-22551.409874314475,-0.0117557780777759,-0.004273271747553764,193773.31992082595,-0.011246505001470215
2025-07-16,190037.1596258936,624.219970703125,0.1186178435087994,36.11194629990734,-36.11194629990734,-22541.798061360983,0.0042805175578906,0.0033432282214846953,194525.9260074623,0.003883951035900327
2025-07-17,191484.7540224111,628.0399780273438,0.0872372154018679,26.597983117723565,-26.597983117723565,-16704.59673282677,0.0076174280828405,0.006119649327969823,195903.86342127825,0.007083566916232501
2025-07-18,191610.9103861267,627.5800170898438,0.0681749727013666,20.814984908909384,-20.814984908909384,-13063.06858485819,0.0006588324191116,-0.0007323752525193461,196042.71265138057,0.0007087620819592629
2025-07-21,191374.47009298333,628.77001953125,0.0602354787620426,18.333464495455534,-18.333464495455534,-11527.532828883055,-0.0012339604914298,0.0018961764380651669,195778.41226009047,-0.0013481775869939598
2025-07-22,192694.3061397276,628.8599853515625,0.0369875084943472,11.333655266952668,-11.333655266952668,-7127.282285155514,0.0068966150297006,0.00014308223598114012,197127.5844912112,0.0068913227742818575
2025-07-23,194109.63475046004,634.2100219726562,0.0403444774859,12.348041685982453,-12.348041685982453,-7831.251788986207,0.0073449425625795,0.008507516372031176,198507.81491916973,0.007001711259847162
2025-07-24,193815.24511694396,634.4199829101562,0.0312161250527776,9.536523267997474,-9.536523267997474,-6050.160928705265,-0.0015166152566024,0.0003310590028946514,198204.70348346818,-0.0015269496358366072
2025-07-25,194374.3891496315,637.0999755859375,0.0380364492689304,11.604633299930208,-11.604633299930208,-7393.3115920692935,0.0028849331865001,0.004224319453948855,198744.6636526027,0.002724255073894219
2025-07-28,193385.71983484103,636.9400024414062,0.0138905821415693,4.217414852381611,-4.217414852381611,-2686.2402263723666,-0.0050864176042725,-0.0002510958258695739,197734.45849163734,-0.0050829297370778535
2025-07-29,193174.3736817082,635.260009765625,0.012014070319387,3.653323794412671,-3.653323794412671,-2320.8105093155837,-0.0010928736274496,-0.002637599568784843,197524.62558687845,-0.001061185320755834
2025-07-30,192689.28677049887,634.4600219726562,-0.0082821240167568,-2.515330382475171,2.515330382475171,1595.876569733687,-0.0025111348982996,-0.0012593076546151272,197026.55447537644,-0.002521564640470374
